DATE,SPECIMEN NR,NR OF PICS,AV,MAGNIFICATION,FORMATION,COMMENTS ,,,,
1/22/18,233CV,2,15v,x30,NKBS,,,,,
1/22/18,234CC,2,15v,x30,NKBS,,,,,
1/22/18,191CC,2,15v,x30,NKBS,,,,,
1/22/18,190CV,2,15v,x30 (1) & x35 (2),NKBS,,,,,
1/22/18,235CC,2,15v,x30 (1) & x35 (2),NKBS,,,,,
1/22/18,194CV,2,15v,x30,NKBS,,,,,
1/22/18,195CC,2,15v,x30,NKBS,,,,,
1/22/18,230CC,2,15v,x30,NKBS,,,,,
1/22/18,229CV,2,15v,x30,NKBS,,,,,
1/22/18,240CV,2,15v,x30,NKBS,,,,,
1/23/18,219CV,2,15v,x30,NKBS,,,,,
1/23/18,206CC,2,15v,x30,NKBS,,,,,
1/23/18,216CV,2,15v,x30,NKBS,,,,,
1/23/18,242CV,2,15v,x30,NKBS,,,,,
1/23/18,202CV,2,15v,x30,NKBS,,,,,
1/23/18,211CV,2,15v,x30,NKBS,,,,,
1/23/18,209CV,2,15v,x30,NKBS,,,,,
1/23/18,210CC,2,15v,x30,NKBS,,,,,
1/24/18,224CC,2,15v,x30,NKBS,,,,,
1/24/18,188CV,2,15v,x30,NKBS,,,,,
1/24/18,189CC,2,15v,x30,NKBS,,,,,
1/24/18,208CV,2,15v,x30,NKBS,,,,,
1/24/18,207CV,2,15v,x30 (1) & x35 (2),NKBS,,,,,
1/24/18,225CV,2,15v,x30,NKBS,,,,,
1/24/18,226CC,2,15v,x30,NKBS,,,,,
1/24/18,203CV,2,15v,x30,NKBS,,,,,
1/24/18,204CV,2,15v,x30,NKBS,,,,,
1/29/18,311F,2,15v,x30,NKBS,,,,,
1/29/18,034CV,2,15v,x30,NKBS,,,,,
1/29/18,035CC,2,15v,x30,NKBS,,,,,
1/29/18,132CV,2,15v,x30,NKBS,,,,,
1/29/18,133CC,2,15v,x30,NKBS,,,,,
1/29/18,033CC,2,15v,x30,NKBS,,,,,
1/29/18,037CV,2,15v,x30,NKBS,,,,,
1/29/18,028CC,2,15v,x30,NKBS,,,,,
1/30/18,386CV,2,15v,x30,NKBS,,,,,
1/30/18,398CV,2,15v,x30,NKBS,,,,,
1/30/18,391CV,2,15v,x30,NKBS,,,,,
1/30/18,388CV,2,15v,x30,NKBS,,,,,
1/30/18,397CV,2,15v,X35,NKBS,,,,,
1/30/18,383CV,2,15v,x30,NKBS,,,,,
1/30/18,384CC,2,15v,x30,NKBS,,,,,
1/30/18,387CV,2,15v,X35,NKBS,,,,,
1/30/18,389CV,2,15v,x30,NKBS,,,,,
1/30/18,392CV,2,15v,x30,NKBS,,,,,
1/30/18,396CV,2,15v,x30,NKBS,,,,,
1/31/18,054CV,2,15v,x30,NKBS,,,,,
1/31/18,055CC,2,15v,x30,NKBS,,,,,
1/31/18,057CC,2,15v,x30,NKBS,,,,,
1/31/18,052CC,2,15v,x30,NKBS,,,,,
1/31/18,058CV,2,15v,x30,NKBS,,,,,
1/31/18,062CV,2,15v,X35,NKBS,,,,,
1/31/18,026CV,2,15v,x35 (1) & x30 (2),NKBS,,,,,
1/31/18,022CV,2,15v,x30,NKBS,,,,,
1/31/18,001CC,2,15v,x30,NKBS,,,,,
1/31/18,023CV,2,15v,x30 (1) & x35 (2),NKBS,,,,,
1/31/18,024CC ,2,15v,x30,NKBS,,,,,
1/31/18,013CC,2,15v,x30,NKBS,,,,,
1/31/18,005CV,2,15v,x30,NKBS,,,,,
1/31/18,006CC,3,15v,x30,NKBS,,,,,
2/1/18,151CC,2,15v,x30,NKBS,,,,,
2/1/18,162CV,2,15v,x30,NKBS,,,,,
2/1/18,154CV,3,15v,"x30 (1,3) & x35 (2)",NKBS,,,,,
2/1/18,140CV,2,15v,x30,NKBS,,,,,
2/1/18,161CC,2,15v,x30,NKBS,,,,,
2/1/18,159CV,2,15v,x30,NKBS,,,,,
2/1/18,142CC,2,15v,x30,NKBS,,,,,
2/1/18,171CV,2,15v,x30,NKBS,,,,,
2/1/18,164CV,2,15v,x30,NKBS,,,,,
2/1/18,165CC,2,15v,x30,NKBS,,,,,
2/2/18,166CV,2,15v,x30,NKBS,,,,,
2/2/18,155CV,2,15v,x30,NKBS,,,,,
2/2/18,156CV,2,15v,x30,NKBS,,,,,
2/5/18,146CV,2,15v,x30,NKBS,,,,,
2/5/18,147CC,2,15v,x30,NKBS,,,,,
2/5/18,173CC,2,15v,x30,NKBS,,,,,
2/5/18,160CV,2,15v,x30,NKBS,,,,,
2/5/18,169CV,2,15v,x30,NKBS,,,,,
2/5/18,138CV,2,15v,x30,NKBS,,,,,
2/5/18,139CC,2,15v,x30,NKBS,,,,,
2/5/18,137CV,2,15v,x30,NKBS,,,,,
2/5/18,174CV,2,15v,x30,NKBS,,,,,
2/5/18,175CC,2,15v,x30,NKBS,,,,,
2/5/18,135CV,2,15v,x35,NKBS,,,,,
2/5/18,136CC,2,15v,x30,NKBS,,,,,
2/5/18,163CV,2,15v,x30,NKBS,,,,,
2/6/18,134CC,2,15v,x30,NKBS,,,,,
2/6/18,150CV,2,10v,x30,NKBS,,,,,
2/6/18,168CC,2,10v,x30,NKBS,,,,,
2/6/18,157CV,2,10v,x30,NKBS,,,,,
2/6/18,073CC,2,10v,x30,NKBS,,,,,
2/6/18,071CV,2,10v,x30,NKBS,,,,,
2/6/18,066CV,2,10v,x30,NKBS,,,,,
2/6/18,067CV,2,10v,x30,NKBS,,,,,
2/6/18,070CV,2,10v,x30,NKBS,,,,,
2/6/18,181CC,2,10v,x30,NKBS,,,,,
2/6/18,179CV,2,10v,x30,NKBS,,,,,
2/6/18,329CC,2,10v,x30,NKBS,,,,,
2/6/18,312F,3,10v,x30,NKBS,,,,,
2/8/18,321CC,3,10v,x30,NKBS,,,,,
2/8/18,304CC,2,10v,x30,NKBS,,,,,
2/8/18,322CV,2,10v,x30,NKBS,,,,,
2/8/18,326CV,2,10v,x30,NKBS,,,,,
2/8/18,327CC,2,10v,x30,NKBS,,,,,
2/8/18,325CC,2,10v,x30,NKBS,,,,,
2/8/18,330CV,2,10v,x30,NKBS,,,,,
2/8/18,317CV,2,10v,x30,NKBS,,,,,
2/8/18,306CC,2,10v,x30,NKBS,,,,,
2/8/18,309CV,2,10v,x30,NKBS,,,,,
2/8/18,310CC,2,10v,x30,NKBS,,,,,
2/8/18,300CV,2,10v,x30,NKBS,,,,,
2/12/18,319CC,2,10v,x30,NKBS,,,,,
2/12/18,307CV,2,10v,x30,NKBS,,,,,
2/12/18,178CV,2,10v,x30,NKBS,,,,,
2/12/18,176CV,3,10v,x30,NKBS,,,,,
2/12/18,403CV,2,10v,x30,NKLS,,,,,
2/12/18,400CV,2,10v,x30,NKLS,,,,,
2/12/18,401CC,2,10v,x30,NKLS,,,,,
2/12/18,407CC,2,10v,x30,NKLS,,,,,
2/12/18,404CV,2,10v,x30,NKLS,,,,,
2/12/18,410CC,2,10v,x30,NKLS,,,,,
2/12/18,412F,2,10v,x30,NKLS,,,,,
2/12/18,411CV,1,10v,x30,NKLS,,,,,
2/13/18,418CV,3,10v,x30,NKLS,,,,,
2/13/18,428CC,2,10v,x30,NKLS,,,,,
2/13/18,600CV,2,10v,x30,TEWKESBURY,,,,,
2/13/18,602CV,2,10v,x30,TEWKESBURY,,,,,
2/13/18,604CC,2,10v,x30,TEWKESBURY,,,,,
2/13/18,605CV,2,10v,x30,TEWKESBURY,,,,,
2/13/18,606CC,2,10v,x30,TEWKESBURY,,,,,
2/13/18,607CV,2,10v,x30,TEWKESBURY,,,,,
2/13/18,608CV,3,10v,x30,TEWKESBURY,,,,,
2/13/18,609CV,2,10v,x30,TEWKESBURY,,,,,
2/13/18,610CV,2,10v,x30,TEWKESBURY,,,,,
2/16/18,612CV,2,10v,x30,TEWKESBURY,,,,,
2/16/18,701CC,2,10v,x30,SHCSBSB (SHAKESPEARE BASAL CLIFF SAND,,,,,
2/16/18,702CV,2,10v,x30,SHCSBSB (SHAKESPEARE BASAL CLIFF SAND,,,,,
2/16/18,704CV,2,10v,x30,SHCSBSB (SHAKESPEARE BASAL CLIFF SAND,,,,,
2/16/18,705CC,2,10v,x30,SHCSBSB (SHAKESPEARE BASAL CLIFF SAND,,,,,
2/16/18,706CC,2,10v,x30,SHCSBSB (SHAKESPEARE BASAL CLIFF SAND,,,,,
2/16/18,707CC,2,10v,x30,SHCSBSB (SHAKESPEARE BASAL CLIFF SAND,,,,,
2/16/18,709CC,3,10v,x30,SHCSBSB (SHAKESPEARE BASAL CLIFF SAND,,,,,
2/16/18,710CV,2,10v,x30,SHCSBSB (SHAKESPEARE BASAL CLIFF SAND,,,,,
2/16/18,711CC,2,10v,x30,SHCSBSB (SHAKESPEARE BASAL CLIFF SAND,,,,,
2/16/18,715CC,2,10v,x30,SHCSBSB (SHAKESPEARE BASAL CLIFF SAND,,,,,
2/16/18,800F,2,10v,x30,TAINUI SB,,,,,
2/16/18,801CC,2,10v,x30,TAINUI SB,,,,,
2/19/18,802CV,3,10v,x30,TAINUI SB,,,,,
2/19/18,803CV,2,10v,x30,TAINUI SB,,,,,
2/19/18,804F,2,10v,x30,TAINUI SB,,,,,
2/19/18,805CV,2,10v,x30,TAINUI SB,,,,,
2/19/18,806CV,2,10v,x30,TAINUI SB,,,,,
2/19/18,808CC,2,10v,x30,TAINUI SB,,,,,
2/19/18,809F,2,10v,x30,TAINUI SB,,,,,
2/19/18,811F,3,10v,x30,TAINUI SB,,,,,
2/19/18,429CC,2,10v,x30,NKLS,,,,,
2/19/18,430F,3,10v,x30,NKLS,,,,,
2/19/18,431CC,2,10v,x30,NKLS,,,,,
2/19/18,433CC,3,10v,x30,NKLS,,,,,
2/19/18,435CC,2,10v,x30,NKLS,,,,,
2/20/18,614CC,2,10v,x30,TEWKESBURY,,,,,
2/20/18,615CV,3,10v,x30,TEWKESBURY,,,,,
2/20/18,616CV,2,10v,x30,TEWKESBURY,,,,,
2/20/18,617CV,2,10v,x30,TEWKESBURY,,,,,
2/20/18,812CC,2,10v,x30,TAINUI SB,,,,,
2/20/18,1000CV,3,10v,x30,UPPER KAI-IWI SB,,,,,
2/20/18,1001CC,2,10v,x30,UPPER KAI-IWI SB,,,,,
2/20/18,1002F,2,10v,x30,UPPER KAI-IWI SB,,,,,
2/20/18,1003CV,3,10v,x30,UPPER KAI-IWI SB,,,,,
2/20/18,1004CV,2,10v,x30,UPPER KAI-IWI SB,,,,,
2/20/18,1005CV,2,10v,x30,UPPER KAI-IWI SB,,,,,
2/20/18,1006CC,2,10v,x30,UPPER KAI-IWI SB,,,,,
2/20/18,1007CV,2,10v,x30,UPPER KAI-IWI SB,,,,,
2/20/18,1008CC,2,10v,x30,UPPER KAI-IWI SB,,,,,
2/20/18,1009CV,3,10v,x30,UPPER KAI-IWI SB,,,,,
2/21/18,130CV,2,10v,x30,NKBS,,,,,
2/21/18,131CC,2,10v,x30,NKBS,,,,,
2/21/18,122CV,2,10v,x30,NKBS,,,,,
2/21/18,123CC,2,10v,x30,NKBS,,,,,
2/21/18,126CV,2,10v,x30,NKBS,,,,,
2/21/18,129CV,2,10v,x30,NKBS,,,,,
2/21/18,127CV,2,10v,x30,NKBS,,,,,
2/21/18,128CV,2,10v,x30,NKBS,,,,,
2/21/18,334CV,2,10v,x30,NKBS,,,,,
2/22/18,333CV,2,10v,x30,NKBS,,,,,
2/22/18,232CV ,2,10v,x30,NKBS,,,,,
2/22/18,1100CV,3,10v,x30,WAIPURU SB,,,,,
2/22/18,1101CC,3,10v,x30,WAIPURU SB,,,,,
2/22/18,1102CV,3,10v,x30,WAIPURU SB,,,,,
2/22/18,1103CC,3,10v,x30,WAIPURU SB,,,,,
2/22/18,1104CV,2,10v,x30,WAIPURU SB,,,,,
2/22/18,1105CC,2,10v,x30,WAIPURU SB,,,,,
2/22/18,1106CV,2,10v,x30,WAIPURU SB,,,,,
2/22/18,1107CC,3,10v,x30,WAIPURU SB,,,,,
2/22/18,1108CV,3,10v,x30,WAIPURU SB,,,,,
2/22/18,1109CC,3,10v,x30,WAIPURU SB,,,,,
2/23/18,113CV,2,10v,x30,NKBS,,,,,
2/23/18,117CC,2,10v,x30,NKBS,,,,,
2/23/18,112CV,2,10v,x30,NKBS,,,,,
2/23/18,328CV,2,10v,x30,NKBS,,,,,
2/23/18,313CV,2,10v,x30,NKBS,,,,,
2/23/18,314CV,2,10v,x30,NKBS,,,,,
2/23/18,323CV,2,10v,x30,NKBS,,,,,
2/23/18,324CC,3,10v,x30,NKBS,,,,,
2/23/18,315CV,3,10v,x30,NKBS,,,,,
2/23/18,316CC,3,10v,x30,NKBS,,,,,
2/23/18,118CC,2,10v,x30,NKBS,,,,,
2/23/18,121S,2,10v,x30,NKBS,,,,,
2/23/18,298CC,2,10v,x30,NKBS,,,,,
2/23/18,187CV,2,10v,x30,NKBS,,,,,
2/26/18,1011CV,3,10v,x30,UPPER KAI-IWI SB,BIG ZOOIDS,,,,
2/26/18,119CV,2,10v,x30,NKBS,,,,,
2/26/18,183CV,2,10v,x30,NKBS,,,,,
2/26/18,184CC,2,10v,x30,NKBS,,,,,
2/26/18,185CV,2,10v,x30,NKBS,,,,,
2/26/18,182CC,2,10v,x30,NKBS,,,,,
2/26/18,186CV,2,10v,x30,NKBS,,,,,
2/26/18,297CC,2,10v,x30,NKBS,,,,,
2/26/18,293CV,2,10v,x30,NKBS,,,,,
2/26/18,299CV,2,10v,x30,NKBS,,,,,
2/26/18,294CV,3,10v,x30,NKBS,,,,,
2/26/18,295CC,3,10v,x30,NKBS,,,,,
2/26/18,087CV,2,10v,x30,NKBS,,,,,
2/26/18,088CC,2,10v,x30,NKBS,,,,,
2/26/18,089CV,2,10v,x30,NKBS,,,,,
2/26/18,086F,2,10v,x30,NKBS,,,,,
2/28/18,090CC,2,10v,x30,NKBS,,,,,
2/28/18,083CC,2,10v,x30,NKBS,,,,,
2/28/18,084CV,2,10v,x30,NKBS,,,,,
2/28/18,075CV,3,10v,x30,NKBS,,,,,
2/28/18,106CC,2,10v,x30,NKBS,,,,,
2/28/18,107CV,2,10v,x30,NKBS,,,,,
2/28/18,105CV,2,10v,x30,NKBS,,,,,
2/28/18,093CV,2,10v,x30,NKBS,,,,,
2/28/18,094CC,2,10v,x30,NKBS,,,,,
2/28/18,103CV,2,10v,x30,NKBS,,,,,
2/28/18,074CV,2,10v,x30,NKBS,,,,,
2/28/18,095CC,2,10v,x30,NKBS,,,,,
2/28/18,079CV,2,10v,x30,NKBS,,,,,
2/28/18,286CV,3,10v,x30,NKBS,,,,,
2/28/18,259CV,2,10v,x30,NKBS,,,,,
2/28/18,245CV,2,10v,x30,NKBS,,,,,
3/1/18,246CV,3,10v,x30,NKBS,,,,,
3/1/18,247CC,3,10v,x30,NKBS,,,,,
3/1/18,270CV,2,10v,x30,NKBS,,,,,
3/1/18,271CC,2,10v,x30,NKBS,,,,,
3/1/18,278CV,3,10v,x30,NKBS,,,,,
3/1/18,279CC,3,10v,x30,NKBS,,,,,
3/1/18,276CV,2,10v,x30,NKBS,,,,,
3/1/18,277CC,2,10v,x30,NKBS,,,,,
3/1/18,290CV,2,10v,x30,NKBS,,,,,
3/1/18,288CV,2,10v,x30,NKBS,,,,,
3/1/18,289CC,2,10v,x30,NKBS,,,,,
3/1/18,283CV,2,10v,x30,NKBS,,,,,
3/1/18,283CC,2,10v,x30,NKBS,,,,,
3/1/18,248CV,2,10v,x30,NKBS,,,,,
3/2/18,262CV,2,10v,x30,NKBS,,,,,
3/2/18,244CV,2,10v,x30,NKBS,,,,,
3/2/18,257CV,2,10v,x30,NKBS,,,,,
3/2/18,287CV,2,10v,x30,NKBS,,,,,
3/2/18,254CV,3,10v,x30,NKBS,,,,,
3/2/18,255CC,2,10v,x30,NKBS,,,,,
3/2/18,437CV,3,10v,x30,NKLS,,,,,
3/2/18,440CV,2,10v,x30,NKLS,,,,,
3/2/18,439CV,3,10v,x30,NKLS,,,,,
3/2/18,441CV,2,10v,x30,NKLS,,,,,
3/2/18,426CV,2,10v,x30,NKLS,,,,,
3/2/18,442CV,2,10v,x30,NKLS,,,,,
3/5/18,443CV,2,10v,x30,NKLS,,,,,
3/5/18,444CC,2,10v,x30,NKLS,,,,,
3/5/18,445CV,2,10v,x30,NKLS,,,,,
3/5/18,447CV,2,10v,x30,NKLS,,,,,
3/5/18,448CV,3,10v,x30,NKLS,,,,,
3/5/18,449F,2,10v,x30,NKLS,,,,,
3/5/18,450CV,2,10v,x30,NKLS,,,,,
3/5/18,451CV,2,10v,x30,NKLS,,,,,
3/5/18,452CC,2,10v,x30,NKLS,,,,,
3/5/18,453CC,3,10v,x30,NKLS,,,,,
3/5/18,618CV,3,10v,x30,TEWKESBURY,,,,,
3/5/18,619CV,2,10v,x30,TEWKESBURY,,,,,
3/5/18,620CV,2,10v,x30,TEWKESBURY,,,,,
3/5/18,621CC,2,10v,x30,TEWKESBURY,,,,,
3/6/18,622CV,2,10v,x30,TEWKESBURY,,,,,
3/6/18,623CC,2,10v,x30,TEWKESBURY,,,,,
3/6/18,624CV,2,10v,x30,TEWKESBURY,,,,,
3/6/18,625CC,3,10v,x30,TEWKESBURY,,,,,
3/6/18,626CC,2,10v,x30,TEWKESBURY,,,,,
3/6/18,627CV,3,10v,x30,TEWKESBURY,,,,,
3/6/18,628CV,2,10v,x30,TEWKESBURY,,,,,
3/6/18,630CV,2,10v,x30,TEWKESBURY,,,,,
3/6/18,631CV,2,10v,x30,TEWKESBURY,,,,,
3/6/18,633CC,2,10v,x30,TEWKESBURY,,,,,
3/6/18,634CV,2,10v,x30,TEWKESBURY,,,,,
3/6/18,636CV,2,10v,x30,TEWKESBURY,,,,,
3/7/18,813CC,2,10v,x30,TAINUI SB,,,,,
3/7/18,814F,2,10v,x30,TAINUI SB,,,,,
3/7/18,816CC,2,10v,x30,TAINUI SB,,,,,
3/7/18,817F,2,10v,x30,TAINUI SB,,,,,
3/7/18,818CC,2,10v,x30,TAINUI SB,BIG ZOOIDS,,,,
3/7/18,819F,2,10v,x30,TAINUI SB,,,,,
3/7/18,820F,2,10v,x30,TAINUI SB,,,,,
3/7/18,821F,2,10v,x30,TAINUI SB,,,,,
3/7/18,822CV,3,10v,x30,TAINUI SB,,,,,
3/7/18,810CV,2,10v,x30,TAINUI SB,,,,,
3/7/18,823F,2,10v,x30,TAINUI SB,,,,,
3/7/18,824CV,3,10v,x30,TAINUI SB,,,,,
3/7/18,825CV,2,10v,x30,TAINUI SB,,,,,
3/7/18,826CV,2,10v,x30,TAINUI SB,,,,,
3/7/18,827CC,2,10v,x30,TAINUI SB,,,,,
3/7/18,828F,3,10v,x30,TAINUI SB,,,,,
3/8/18,716CC,2,10v,x30,SHCSBSB (SHAKESPEARE BASAL CLIFF SAND,,,,,
3/8/18,717CV,3,10v,x30,SHCSBSB (SHAKESPEARE BASAL CLIFF SAND,,,,,
3/8/18,718CC,2,10v,x30,SHCSBSB (SHAKESPEARE BASAL CLIFF SAND,,,,,
3/8/18,719F,2,10v,x30,SHCSBSB (SHAKESPEARE BASAL CLIFF SAND,,,,,
3/8/18,720CV,2,10v,x30,SHCSBSB (SHAKESPEARE BASAL CLIFF SAND,,,,,
3/8/18,721CC,2,5v,x30,SHCSBSB (SHAKESPEARE BASAL CLIFF SAND,,,,,
3/8/18,723CC,3,10v,x30,SHCSBSB (SHAKESPEARE BASAL CLIFF SAND,,,,,
3/8/18,724CC,2,5v,x30,SHCSBSB (SHAKESPEARE BASAL CLIFF SAND,,,,,
3/8/18,725CC,2,5v,x30,SHCSBSB (SHAKESPEARE BASAL CLIFF SAND,,,,,
3/8/18,726CC,2,5v,x30,SHCSBSB (SHAKESPEARE BASAL CLIFF SAND,,,,,
3/8/18,727CC,2,5v,x30,SHCSBSB (SHAKESPEARE BASAL CLIFF SAND,,,,,
3/8/18,728CC,2,5v,x30,SHCSBSB (SHAKESPEARE BASAL CLIFF SAND,,,,,
3/8/18,731CC,2,10v,x30,SHCSBSB (SHAKESPEARE BASAL CLIFF SAND,,,,,
3/9/18,733CV,2,5v,x30,SHCSBSB (SHAKESPEARE BASAL CLIFF SAND,,,,,
3/9/18,734CV,2,5v,x30,SHCSBSB (SHAKESPEARE BASAL CLIFF SAND,,,,,
3/9/18,1012CV,2,5v,x30,UPPER KAI-IWI SB,,,,,
3/9/18,001iCC,2,5v,x30,NKBS,,,,,
3/12/18,735CV,2,15v,x30,SHCSBSB (SHAKESPEARE BASAL CLIFF SAND,,,,,
3/12/18,736CV,3,15v,x30,SHCSBSB (SHAKESPEARE BASAL CLIFF SAND,,,,,
3/12/18,737CC,2,15v,x30,SHCSBSB (SHAKESPEARE BASAL CLIFF SAND,,,,,
3/12/18,738CV,3,15v,"1 & 2 (x30), 3 (x35)",SHCSBSB (SHAKESPEARE BASAL CLIFF SAND,,,,,
3/12/18,739CV,3,15v,x30,SHCSBSB (SHAKESPEARE BASAL CLIFF SAND,,,,,
3/12/18,740CV,2,15v,x30,SHCSBSB (SHAKESPEARE BASAL CLIFF SAND,,,,,
3/12/18,454CV,2,15v,x30,NKLS,,,,,
3/12/18,456CV,2,15v,x30,NKLS,,,,,
3/12/18,457CC,2,15v,x30,NKLS,,,,,
3/12/18,458CV,2,15v,x30,NKLS,,,,,
3/12/18,459CC,2,15v,x30,NKLS,,,,,
3/12/18,461CC,2,15v,x30,NKLS,,,,,
3/13/18,462CV,2,15v,x30,NKLS,,,,,
3/13/18,463CC,2,15v,x30,NKLS,,,,,
3/13/18,415CC,2,15v,x30,NKLS,,,,,
3/13/18,464CC,3,15v,x30,NKLS,,,,,
3/13/18,465CV,2,15v,x30,NKLS,,,,,
3/13/18,1110CV,3,15v,x30,WAIPURU SB,,,,,
3/13/18,1111CV,2,15v,x30,WAIPURU SB,,,,,
3/13/18,1112CV,2,15v,x30,WAIPURU SB,,,,,
3/13/18,741CV,2,10v,x30,SHCSBSB (SHAKESPEARE BASAL CLIFF SAND,,,,,
3/14/18,742CV,2,10v,x30,SHCSBSB (SHAKESPEARE BASAL CLIFF SAND,,,,,
3/14/18,743CC,3,10v,x30,SHCSBSB (SHAKESPEARE BASAL CLIFF SAND,,,,,
3/14/18,744CV,2,10v,x30,SHCSBSB (SHAKESPEARE BASAL CLIFF SAND,,,,,
3/14/18,745CV,2,10v,x30,SHCSBSB (SHAKESPEARE BASAL CLIFF SAND,,,,,
3/14/18,746CV,2,10v,x30,SHCSBSB (SHAKESPEARE BASAL CLIFF SAND,,,,,
3/26/18,467CC,2,10v,x30,NKLS,,,,,
3/26/18,468CV,2,10v,X30,NKLS,,,,,
3/26/18,469CV,2,10v,x30,NKLS,,,,,
3/26/18,470CV,2,10v,x30,NKLS,,,,,
3/26/18,471CV,3,10v,x30,NKLS,,,,,
3/26/18,472CC,3,10v,x30,NKLS,,,,,
3/26/18,475CC,2,10v,x30,NKLS,,,,,
3/26/18,466CV,3,10v,x30,NKLS,,,,,
3/26/18,476CV,3,10v,x30,NKLS,,,,,
3/26/18,477CV,2,10v,x30,NKLS,,,,,
3/26/18,479CC,3,10v,x30,NKLS,,,,,
3/26/18,481CC,2,10v,x30,NKLS,,,,,
4/5/18,747F,2,5v,x30,SHCSBSB (SHAKESPEARE BASAL CLIFF SAND,,,,,
4/10/18,732F,3,15v,x30,SHCSBSB (SHAKESPEARE BASAL CLIFF SAND,,,,,
4/10/18,748CV,2,15v,x30,SHCSBSB (SHAKESPEARE BASAL CLIFF SAND,,,,,
4/10/18,749CC,3,15v,x30,SHCSBSB (SHAKESPEARE BASAL CLIFF SAND,,,,,
4/10/18,750CV,2,15v,x30,SHCSBSB (SHAKESPEARE BASAL CLIFF SAND,,,,,
4/10/18,751CV,2,15v,x30,SHCSBSB (SHAKESPEARE BASAL CLIFF SAND,,,,,
4/10/18,752CC,3,15v,x30,SHCSBSB (SHAKESPEARE BASAL CLIFF SAND,,,,,
4/10/18,753CV,2,15v,x30,SHCSBSB (SHAKESPEARE BASAL CLIFF SAND,,,,,
4/10/18,755CV,2,15v,x30,SHCSBSB (SHAKESPEARE BASAL CLIFF SAND,,,,,
4/10/18,756CC,2,15v,x30,SHCSBSB (SHAKESPEARE BASAL CLIFF SAND,,,,,
4/10/18,757CV,2,15v,x30,SHCSBSB (SHAKESPEARE BASAL CLIFF SAND,,,,,
4/10/18,758CV,2,15v,x30,SHCSBSB (SHAKESPEARE BASAL CLIFF SAND,,,,,
4/10/18,759CV,2,15v,x30,SHCSBSB (SHAKESPEARE BASAL CLIFF SAND,,,,,
4/11/18,637CC,2,15v,x30,TEWKESBURY,,,,,
4/11/18,638CV,2,15v,x30,TEWKESBURY,,,,,
4/11/18,639CV,2,15v,x30,TEWKESBURY,,,,,
4/11/18,641CV,2,15v,x30,TEWKESBURY,,,,,
4/11/18,642CV,2,15v,x30,TEWKESBURY,,,,,
4/11/18,643CV,2,15v,x30,TEWKESBURY,,,,,
4/11/18,644CV,2,15v,x30,TEWKESBURY,,,,,
4/11/18,646CC,2,15v,x30,TEWKESBURY,,,,,
4/11/18,647CV,2,15v,x30,TEWKESBURY,,,,,
4/11/18,648CC,2,15v,x30,TEWKESBURY,,,,,
4/13/18,649CV,2,15v,x30,TEWKESBURY,,,,,
4/13/18,650CV,2,15v,x30,TEWKESBURY,,,,,
4/13/18,651CC,2,15v,x30,TEWKESBURY,,,,,
4/13/18,652CC,2,15v,x30,TEWKESBURY,,,,,
4/13/18,653CC,2,15v,x30,TEWKESBURY,,,,,
4/13/18,654CV,2,15v,x30,TEWKESBURY,,,,,
4/13/18,655CV,3,15v,x30,TEWKESBURY,,,,,
4/13/18,656CV,2,15v,x30,TEWKESBURY,,,,,
4/13/18,657CV,2,15v,x30,TEWKESBURY,,,,,
4/13/18,658CV,2,15v,x30,TEWKESBURY,,,,,
4/13/18,659CV,2,15v,x30,TEWKESBURY,,,,,
5/24/18,660CV,2,10v,X30,TEWKESBURY,,,,,
6/1/18,661CC,2,10v,X30,TEWKESBURY,,,,,
6/1/18,662CV,2,10v,X30,TEWKESBURY,,,,,
6/1/18,663CC,2,10v,X30,TEWKESBURY,,,,,
6/1/18,664CV,2,10v,X30,TEWKESBURY,,,,,
6/1/18,665CV,3,10v,X30,TEWKESBURY,,,,,
6/1/18,666CV,2,10v,X30,TEWKESBURY,,,,,
6/1/18,667CC,2,10v,X30,TEWKESBURY,,,,,
6/1/18,668CV,2,10v,X30,TEWKESBURY,,,,,
6/1/18,669CC,3,10v,X30,TEWKESBURY,,,,,
6/1/18,670CV,2,10v,X30,TEWKESBURY,,,,,
6/1/18,671CC,2,10v,X30,TEWKESBURY,,,,,
6/1/18,672CV,2,10v,x30,TEWKESBURY,,,,,
6/14/18,673CC,2,10v,x30,TEWKESBURY,,,,,
6/14/18,674CV,2,10v,x30,TEWKESBURY,,,,,
6/14/18,675CV,2,10v,x30,TEWKESBURY,,,,,
6/14/18,676CC,2,10v,x30,TEWKESBURY,,,,,
6/14/18,677CV,2,10v,x30,TEWKESBURY,,,,,
6/14/18,678CV,2,10v,x30,TEWKESBURY,,,,,
6/14/18,679CV,2,10v,x30,TEWKESBURY,,,,,
6/14/18,680CC,2,10v,x30,TEWKESBURY,,,,,
6/14/18,681CV,2,10v,x30,TEWKESBURY,,,,,
6/14/18,682CV,2,10v,x30,TEWKESBURY,,,,,
6/14/18,683CV,2,10v,x30,TEWKESBURY,,,,,
6/14/18,684CV,2,10v,x30,TEWKESBURY,,,,,
6/14/18,685CC,2,10v,x30,TEWKESBURY,,,,,
6/14/18,686CV,2,10v,x30,TEWKESBURY,,,,,
6/14/18,687CV,2,10v,x30,TEWKESBURY,,,,,
6/14/18,688CC,2,10v,x30,TEWKESBURY,,,,,
6/14/18,689CV,2,10v,x30,TEWKESBURY,,,,,
6/14/18,690CC,2,10v,x30,TEWKESBURY,,,,,
6/15/18,691CV,2,10v,x30,TEWKESBURY,,,,,
6/15/18,692CC,2,10v,x30,TEWKESBURY,,,,,
6/15/18,693CV,2,10v,x30,TEWKESBURY,,,,,
6/15/18,694CV,2,10v,x30,TEWKESBURY,,,,,
6/15/18,695CV,2,10v,x30,TEWKESBURY,,,,,
6/15/18,696CC,2,10v,x30,TEWKESBURY,,,,,
6/15/18,697CV,2,10v,x30,TEWKESBURY,,,,,
6/15/18,698CV,2,10v,x30,TEWKESBURY,,,,,
6/15/18,699CV,2,10v,x30,TEWKESBURY,,,,,
6/15/18,600iCV,3,10v,x30,TEWKESBURY,,,,,
6/15/18,601iCV,2,10v,x30,TEWKESBURY,,,,,
6/15/18,602iCC,2,10v,x30,TEWKESBURY,,,,,
6/15/18,603iCV,2,10v,x30,TEWKESBURY,,,,,
6/15/18,604iCV,2,10v,x30,TEWKESBURY,,,,,
6/15/18,605iCV,2,10v,x30,TEWKESBURY,,,,,
6/15/18,606iCC,2,10v,x30,TEWKESBURY,,,,,
6/15/18,482CV,2,10v,x30,NKLS,,,,,
6/15/18,483CV,2,10v,x30,NKLS,,,,,
6/15/18,484CC,2,10v,x30,NKLS,,,,,
8/6/18,1013CC,2,15v,x30,UPPER KAI-IWI SB,,,,,
8/6/18,760CV,2,15v,x30,SHCSBSB (SHAKESPEARE BASAL CLIFF SAND,,,,,
8/6/18,1014CC,2,15v,x30,UPPER KAI-IWI SB,,,,,
8/6/18,761CV,2,15v,x30,SHCSBSB (SHAKESPEARE BASAL CLIFF SAND,,,,,
8/6/18,416CV,2,15v,x30,NKLS,,,,,
8/6/18,417CC,2,15v,x30,NKLS,,,,,
8/6/18,829CC,2,15v,x30,TAINUI SB,,,,,
8/6/18,485CV,3,15v,x30,NKLS,,,,,
8/6/18,413CC,3,15v,x30,NKLS,,,,,
8/6/18,830CV,2,15v,x30,TAINUI SB,,,,,
8/6/18,831F,2,15v,x30,TAINUI SB,,,,,
8/6/18,832F,2,15v,x30,TAINUI SB,,,,,
8/6/18,607iCV,2,15v,x30,TEWKESBURY,,,,,
8/6/18,608iCC,2,15v,x30,TEWKESBURY,,,,,
8/6/18,609iCV,2,15v,x30,TEWKESBURY,,,,,
8/6/18,610iCC,2,15v,x30,TEWKESBURY,,,,,
8/6/18,611iCV,2,15v,x30,TEWKESBURY,,,,,
8/6/18,612iCV,3,15v,x30,TEWKESBURY,,,,,
8/6/18,613iCC,2,15v,x30,TEWKESBURY,,,,,
8/6/18,614iCV,2,15v,x30,TEWKESBURY,,,,,
8/6/18,615iCV,2,15v,x30,TEWKESBURY,,,,,
8/6/18,616iCC,2,15v,x30,TEWKESBURY,,,,,
8/6/18,617iCV,2,15v,x30,TEWKESBURY,,,,,
8/6/18,618iCV,2,15v,x30,TEWKESBURY,,,,,
8/13/18,619iCV,2,15v,x30,TEWKESBURY,,,,,
8/13/18,620iCC,2,15v,x30,TEWKESBURY,,,,,
8/13/18,621iCV,2,15v,x30,TEWKESBURY,,,,,
8/13/18,622iCC,2,15v,x30,TEWKESBURY,,,,,
8/13/18,623iCC,2,15v,x30,TEWKESBURY,,,,,
8/13/18,624iCC,2,15v,x30,TEWKESBURY,,,,,
8/13/18,625iCV,2,15v,x35,TEWKESBURY,,,,,
8/13/18,626iCC,2,15v,x30,TEWKESBURY,,,,,
8/13/18,627iCC,3,15v,x30,TEWKESBURY,,,,,
8/13/18,628iCV,2,15v,x30,TEWKESBURY,,,,,
8/13/18,650CV,2,15v,x30,TEWKESBURY,,,,,
8/13/18,629iCV,2,15v,x35,TEWKESBURY,,,,,
8/13/18,630iCV,2,15v,x30,TEWKESBURY,,,,,
8/13/18,631iCV,2,15v,x30,TEWKESBURY,,,,,
8/13/18,632iCV,2,15v,x30,TEWKESBURY,,,,,
8/13/18,633iCV,2,15v,x30,TEWKESBURY,,,,,
8/13/18,634iCV,2,15v,x30,TEWKESBURY,,,,,
8/13/18,635iCV,2,15v,x30,TEWKESBURY,,,,,
8/13/18,636iCV,2,15v,x30,TEWKESBURY,,,,,
8/13/18,637iCV,2,15v,x30,TEWKESBURY,,,,,
8/13/18,638iCC,2,15v,x30,TEWKESBURY,,,,,
8/13/18,639iCV,2,15v,x30,TEWKESBURY,,,,,
8/13/18,640iCV,2,15v,x30,TEWKESBURY,,,,,
8/13/18,641iCV,2,15v,x30,TEWKESBURY,,,,,
8/13/18,642iCV,2,15v,x30,TEWKESBURY,,,,,
8/16/18,643iCV,2,15v,x30,TEWKESBURY,,,,,
8/16/18,644iCV,2,15v,x30,TEWKESBURY,,,,,
8/16/18,645iCV,2,15v,x30,TEWKESBURY,,,,,
8/16/18,646iCC,2,15v,x30,TEWKESBURY,,,,,
8/16/18,647iCV,2,15v,x30,TEWKESBURY,,,,,
8/16/18,648iCV,2,15v,x30,TEWKESBURY,,,,,
8/16/18,649iCV,3,15v,x30,TEWKESBURY,,,,,
8/16/18,650iCV,2,15v,x30,TEWKESBURY,,,,,
8/16/18,651iCC,2,15v,x30,TEWKESBURY,,,,,
8/16/18,652iCV,2,15v,x30,TEWKESBURY,,,,,
8/16/18,653iCV,2,15v,X30,TEWKESBURY,,,,,
8/16/18,654iCV,2,15v,X30,TEWKESBURY,,,,,
8/16/18,655iCV,3,15v,X30,TEWKESBURY,,,,,
8/16/18,486CC,2,15v,x30,NKLS,,,,,
8/16/18,487CC,2,15v,x30,NKLS,,,,,
8/16/18,488CC,2,15v,x30,NKLS,,,,,
8/16/18,489CC,2,15v,x30,NKLS,,,,,
8/16/18,490CV,2,15v,x30 (1) & x35 (2),NKLS,,,,,
8/16/18,436CV,2,15v,x30,NKLS,,,,,
8/16/18,491CV,2,15v,x30,NKLS,,,,,
8/16/18,492CC,2,15v,x30,NKLS,,,,,
8/16/18,493CV,2,15v,x30,NKLS,,,,,
8/16/18,494CC,2,15v,x30,NKLS,,,,,
8/20/18,495CC,2,15v,x30,NKLS,,,,,
8/20/18,496CC,2,15v,x30,NKLS,,,,,
8/20/18,497CC,2,15v,x30,NKLS,,,,,
8/20/18,498CC,2,15v,x30,NKLS,,,,,
8/20/18,499CV,2,15v,x30,NKLS,,,,,
8/20/18,500CV,2,15v,x30,NKLS,,,,,
8/20/18,501CV,2,15v,x30,NKLS,,,,,
8/20/18,1015F,2,15v,x30,UPPER KAI-IWI SB,,,,,
8/20/18,762CC,2,15v,x30,SHCSBSB (SHAKESPEARE BASAL CLIFF SAND,,,,,
8/20/18,763CC,3,15v,x30,SHCSBSB (SHAKESPEARE BASAL CLIFF SAND,,,,,
8/20/18,764CC,2,15v,x30,SHCSBSB (SHAKESPEARE BASAL CLIFF SAND,,,,,
8/20/18,765CV,2,15v,x30,SHCSBSB (SHAKESPEARE BASAL CLIFF SAND,,,,,
8/20/18,766CV,2,15v,x30,SHCSBSB (SHAKESPEARE BASAL CLIFF SAND,,,,,
8/20/18,767CV,2,15v,x30,SHCSBSB (SHAKESPEARE BASAL CLIFF SAND,,,,,
8/20/18,768CC,2,15v,x30,SHCSBSB (SHAKESPEARE BASAL CLIFF SAND,,,,,
8/20/18,769CV,3,15v,x30,SHCSBSB (SHAKESPEARE BASAL CLIFF SAND,,,,,
8/20/18,770CV,3,15v,x30,SHCSBSB (SHAKESPEARE BASAL CLIFF SAND,,,,,
8/20/18,771CV,2,15v,x30,SHCSBSB (SHAKESPEARE BASAL CLIFF SAND,,,,,
8/20/18,772CV,2,15v,x30,SHCSBSB (SHAKESPEARE BASAL CLIFF SAND,,,,,
8/20/18,773CV,2,15v,x30,SHCSBSB (SHAKESPEARE BASAL CLIFF SAND,,,,,
8/20/18,774CV,2,15v,x30,SHCSBSB (SHAKESPEARE BASAL CLIFF SAND,,,,,
8/20/18,775CV,2,15v,x30,SHCSBSB (SHAKESPEARE BASAL CLIFF SAND,,,,,
8/24/18,502CV,2,15v,x30,NKLS,,,,,
8/24/18,503CC,2,15v,x30,NKLS,,,,,
8/24/18,776CV,2,15v,x30,SHCSBSB (SHAKESPEARE BASAL CLIFF SAND,,,,,
8/24/18,777CV,3,15v,x30,SHCSBSB (SHAKESPEARE BASAL CLIFF SAND,,,,,
8/30/18,778CV,2,15v,x30,SHCSBSB (SHAKESPEARE BASAL CLIFF SAND,,,,,
8/30/18,779CV,2,15v,x30,SHCSBSB (SHAKESPEARE BASAL CLIFF SAND,,,,,
8/30/18,780CV,2,15v,x30,SHCSBSB (SHAKESPEARE BASAL CLIFF SAND,,,,,
8/30/18,781CC,2,15v,x30,SHCSBSB (SHAKESPEARE BASAL CLIFF SAND,,,,,
8/30/18,782CV,2,15v,x30,SHCSBSB (SHAKESPEARE BASAL CLIFF SAND,,,,,
8/30/18,783CC,2,15v,x30,SHCSBSB (SHAKESPEARE BASAL CLIFF SAND,,,,,
8/30/18,784CV,2,15v,x30,SHCSBSB (SHAKESPEARE BASAL CLIFF SAND,,,,,
8/30/18,785CC,2,15v,x30,SHCSBSB (SHAKESPEARE BASAL CLIFF SAND,,,,,
8/30/18,1200CC,2,15v,x30,PUNNEKI LIMESTONE,,,,,
8/30/18,424CC,2,15v,x30,NKLS,,,,,
8/30/18,786CC,2,15v,x30,SHCSBSB (SHAKESPEARE BASAL CLIFF SAND,,,,,
8/30/18,787CC,2,15v,x30,SHCSBSB (SHAKESPEARE BASAL CLIFF SAND,,,,,
8/30/18,754CC,2,15v,x30,SHCSBSB (SHAKESPEARE BASAL CLIFF SAND,,,,,
8/30/18,788CV,2,15v,x30,SHCSBSB (SHAKESPEARE BASAL CLIFF SAND,,,,,
9/3/18,789CV,2,15v,x30,SHCSBSB (SHAKESPEARE BASAL CLIFF SAND,,,,,
9/3/18,790CV,2,15v,x30,SHCSBSB (SHAKESPEARE BASAL CLIFF SAND,,,,,
9/3/18,791CC,2,15v,x30,SHCSBSB (SHAKESPEARE BASAL CLIFF SAND,,,,,
9/3/18,833CV,2,15v,x30,TAINUI SB,,,,,
9/3/18,834F,2,15v,x30,TAINUI SB,,,,,
9/3/18,835F,2,15v,x30,TAINUI SB,,,,,
9/3/18,836CC,2,15v,x30,TAINUI SB,,,,,
9/3/18,504CC,2,15v,x30,NKLS,,,,,
9/3/18,505CV,2,15v,x30,NKLS,,,,,
9/3/18,473CC,2,15v,x30,NKLS,,,,,
9/3/18,506CC,3,15v,x30,NKLS,,,,,
9/3/18,507CC,2,15v,x30,NKLS,,,,,
9/3/18,508CV,2,15v,x30,NKLS,,,,,
9/3/18,509CC,3,15v,x30,NKLS,,,,,
9/3/18,510CV,2,15v,x35 (1) & x30 (2),NKLS,,,,,
9/3/18,511CV,3,15v,"x30 (1), x35 (2) & x30 (3)",NKLS,,,,,
9/3/18,512CV,2,15v,x30,NKLS,,,,,
9/3/18,513CC,2,15v,x30,NKLS,,,,,
9/3/18,514CV,2,15v,x30,NKLS,,,,,
9/3/18,515CV,2,15v,x30,NKLS,,,,,
9/3/18,516CV,2,15v,x30,NKLS,,,,,
9/3/18,517CV,2,15v,x30,NKLS,,,,,
9/3/18,518CV,2,15v,x30,NKLS,,,,,
9/5/18,519CC,2,15v,x35,NKLS,,,,,
9/5/18,520CV,2,15v,x30,NKLS,,,,,
9/5/18,521CV,2,15v,x30,NKLS,,,,,
9/5/18,522CC,2,15v,x30,NKLS,,,,,
9/5/18,523CV,2,15v,x30,NKLS,,,,,
9/5/18,524CC,2,15v,x30,NKLS,,,,,
9/5/18,525CV,2,15v,x30,NKLS,,,,,
9/5/18,526CV,2,15v,x30,NKLS,,,,,
9/5/18,1113CV,2,15v,x30,WAIPURU SB,,,,,
9/5/18,1114CV,4,15v,x30,WAIPURU SB,,,,,
9/5/18,1115CC,2,15v,x30,WAIPURU SB,,,,,
10/10/18,792CV,2,15v,x30,SHCSBSB (SHAKESPEARE BASAL CLIFF SAND,,,,,
10/10/18,793CV,2,15v,x30,SHCSBSB (SHAKESPEARE BASAL CLIFF SAND,,,,,
10/10/18,794CV,2,15v,x30,SHCSBSB (SHAKESPEARE BASAL CLIFF SAND,,,,,
10/10/18,795CV,2,15v,x30,SHCSBSB (SHAKESPEARE BASAL CLIFF SAND,,,,,
10/10/18,796CC,2,15v,x30,SHCSBSB (SHAKESPEARE BASAL CLIFF SAND,,,,,
10/10/18,002iCV,2,15v,x30,NKBS,,,,,
10/10/18,003iCV,2,15v,x30,NKBS,,,,,
10/24/18,004iCV,2,15v,x30,NKBS,,,,,
10/24/18,005iF,2,15v,x35 (1) & x30 (2),NKBS,,,,,
10/24/18,006iCV,2,15v,x30,NKBS,,,,,
10/24/18,007iCV,2,15v,x30,NKBS,,,,,
10/24/18,008iCV,2,15v,x30,NKBS,,,,,
10/24/18,009iCV,2,15v,x30,NKBS,,,,,
10/24/18,010iCV,2,15v,x30,NKBS,,,,,
10/24/18,011iCC,2,15v,x30,NKBS,,,,,
10/24/18,012iCC,2,15v,x30,NKBS,,,,,
10/24/18,013iCV,2,15v,x30,NKBS,,,,,
10/24/18,014iCV,2,15v,x30,NKBS,,,,,
10/24/18,015iCV,2,15v,x30,NKBS,,,,,
10/24/18,016iCV,2,15v,x30,NKBS,,,,,
10/24/18,017iCV,3,15v,x30,NKBS,,,,,
10/24/18,018iCV,2,15v,x30,NKBS,,,,,
10/24/18,019iCV,2,15v,x30,NKBS,,,,,
10/24/18,020iCC,2,15v,x30,NKBS,,,,,
10/24/18,530CC,2,15v,x30,NKLS,,,,,
10/24/18,022iCV,2,15v,x30,NKBS,,,,,
10/24/18,023iCV,2,15v,x30 (1) & x35 (2),NKBS,,,,,
11/1/18,024iCV,2,15v,x30,NKBS,,,,,
11/1/18,531CV,2,15v,x30,NKLS,,,,,
11/1/18,026iCC,2,15v,x30,NKBS,,,,,
11/1/18,027iCC,2,15v,x30,NKBS,,,,,
11/1/18,028iCV,2,15v,x30,NKBS,,,,,
11/1/18,029iCV,2,15v,x30,NKBS,,,,,
11/1/18,030iCV,2,15v,x30,NKBS,,,,,
11/1/18,031iCC,2,15v,x30,NKBS,,,,,
11/1/18,032iCV,2,15v,x30,NKBS,,,,,
11/1/18,033iCV,2,15v,x30,NKBS,,,,,
11/1/18,034iCV,2,15v,x30,NKBS,,,,,
11/1/18,035iCC,2,15v,x30,NKBS,,,,,
11/1/18,036iCV,2,15v,x30,NKBS,,,,,
11/1/18,527CV,2,15v,x30,NKLS,,,,,
11/1/18,528CV,2,15v,x30,NKLS,,,,,
11/1/18,529CV,2,15v,x30,NKLS,,,,,
11/2/18,0367iCV ,2,15v,x30,NKBS,037iCV,,,,
11/2/18,797CV,2,15v,x30,SHCSBSB (SHAKESPEARE BASAL CLIFF SAND,,,,,
11/2/18,798CV,2,15v,x30,SHCSBSB (SHAKESPEARE BASAL CLIFF SAND,,,,,
11/2/18,799CC,2,15v,x30,SHCSBSB (SHAKESPEARE BASAL CLIFF SAND,,,,,
11/2/18,1016CV,2,15v,x30,UPPER KAI-IWI SB,,,,,
11/2/18,1017CV,2,15v,x30,UPPER KAI-IWI SB,,,,,
11/2/18,1018CV,2,15v,x30,UPPER KAI-IWI SB,,,,,
11/2/18,1019F,2,15v,x30,UPPER KAI-IWI SB,,,,,
11/2/18,700iCV,2,15v,x30,SHCSBSB (SHAKESPEARE BASAL CLIFF SAND,,,,,
11/2/18,656iCC,1,15v,x30,TEWKESBURY,,,,,
11/2/18,657iCC,2,15v,x30,TEWKESBURY,,,,,
7/5/22,701iCV,1,15v,x30,SHCSBSB (SHAKESPEARE BASAL CLIFF SAND,,,,,
7/5/22,701iCV,2,15v,x30,SHCSBSB (SHAKESPEARE BASAL CLIFF SAND,,,,,
7/5/22,702iCV,1,15v,x30,SHCSBSB (SHAKESPEARE BASAL CLIFF SAND,,,,,
7/5/22,702iCV,2,15v,x30,SHCSBSB (SHAKESPEARE BASAL CLIFF SAND,,,,,
7/5/22,703iCV,1,15v,x30,SHCSBSB (SHAKESPEARE BASAL CLIFF SAND,,,,,
7/5/22,703iCV,2,15v,x30,SHCSBSB (SHAKESPEARE BASAL CLIFF SAND,,,,,
7/5/22,704iCC,1,15v,x30,SHCSBSB (SHAKESPEARE BASAL CLIFF SAND,,,,,
7/5/22,705iCC,1,15v,x30,SHCSBSB (SHAKESPEARE BASAL CLIFF SAND,,,,,
7/5/22,705iCC,2,15v,x30,SHCSBSB (SHAKESPEARE BASAL CLIFF SAND,,,,,
7/5/22,706iCV,1,15V,x30,SHCSBSB (SHAKESPEARE BASAL CLIFF SAND,,,,,
7/5/22,706iCV,2,15v,x30,SHCSBSB (SHAKESPEARE BASAL CLIFF SAND,,,,,
7/6/22,706iCV,3,15v,x30,SHCSBSB (SHAKESPEARE BASAL CLIFF SAND,,,,,
7/6/22,707iCC,1,15v,x30,SHCSBSB (SHAKESPEARE BASAL CLIFF SAND,,,,,
7/6/22,708iCV,1,15v,x30,SHCSBSB (SHAKESPEARE BASAL CLIFF SAND,,,,,
7/6/22,708iCV,2,15v,x30,SHCSBSB (SHAKESPEARE BASAL CLIFF SAND,,,,,
7/6/22,708iCV,3,15v,x30,SHCSBSB (SHAKESPEARE BASAL CLIFF SAND,,,,,
7/6/22,708iCC,1,15v,x30,SHCSBSB (SHAKESPEARE BASAL CLIFF SAND,,,,,
7/6/22,709iCC,1,15v,x30,SHCSBSB (SHAKESPEARE BASAL CLIFF SAND,,,,,
7/6/22,709iCC,2,15v,x30,SHCSBSB (SHAKESPEARE BASAL CLIFF SAND,,,,,
7/6/22,710iCV,1,15v,x30,SHCSBSB (SHAKESPEARE BASAL CLIFF SAND,,,,,
7/6/22,710iCV,2,15v,x30,SHCSBSB (SHAKESPEARE BASAL CLIFF SAND,,,,,
7/6/22,710iCV,3,15v,x30,SHCSBSB (SHAKESPEARE BASAL CLIFF SAND,,,,,
7/6/22,711iCV,1,15v,x30,SHCSBSB (SHAKESPEARE BASAL CLIFF SAND,,,,,
7/6/22,711iCV,2,15v,x30,SHCSBSB (SHAKESPEARE BASAL CLIFF SAND,,,,,
7/7/22,712iCC,1,15v,x30,SHCSBSB (SHAKESPEARE BASAL CLIFF SAND,,,,,
7/7/22,713iCV,1,15v,x30,SHCSBSB (SHAKESPEARE BASAL CLIFF SAND,,,,,
7/7/22,713iCV,2,15v,x30,SHCSBSB (SHAKESPEARE BASAL CLIFF SAND,,,,,
7/7/22,713iCV,3,15v,x30,SHCSBSB (SHAKESPEARE BASAL CLIFF SAND,,,,,
7/7/22,714iCC,1,15v,x30,SHCSBSB (SHAKESPEARE BASAL CLIFF SAND,,,,,
7/7/22,715iCV,1,15v,x30,SHCSBSB (SHAKESPEARE BASAL CLIFF SAND,,,,,
7/7/22,715iCV,2,15v,x30,SHCSBSB (SHAKESPEARE BASAL CLIFF SAND,,,,,
7/7/22,716iCV,1,15v,x30,SHCSBSB (SHAKESPEARE BASAL CLIFF SAND,,,,,
7/7/22,717iCV,1,15v,x30,SHCSBSB (SHAKESPEARE BASAL CLIFF SAND,,,,,
7/7/22,1020CC,1,15v,x30,UPPER KAI-IWI SB,,,,,
7/7/22,1020CC,2,15v,x30,UPPER KAI-IWI SB,,,,,
7/7/22,1020CV,1,15v,x30,UPPER KAI-IWI SB,,,,,
7/7/22,1020CV,2,15v,x30,UPPER KAI-IWI SB,,,,,
7/8/22,1021CV,1,15v,x30,UPPER KAI-IWI SB,,,,,
7/8/22,1022CV,1,15v,x30,UPPER KAI-IWI SB,,,,,
7/8/22,1022CV,2,15v,x30,UPPER KAI-IWI SB,,,,,
7/8/22,1023CV,1,15v,x30,UPPER KAI-IWI SB,,,,,
7/8/22,1023CV,2,15v,x30,UPPER KAI-IWI SB,,,,,
7/8/22,1023CV,3,15v,x30,UPPER KAI-IWI SB,,,,,
7/8/22,1024CC,1,15v,x30,UPPER KAI-IWI SB,,,,,
7/8/22,1024CC,2,15v,x30,UPPER KAI-IWI SB,,,,,
7/8/22,1024CV,1,15v,x30,UPPER KAI-IWI SB,,,,,
7/8/22,1025CV,1,15v,x30,UPPER KAI-IWI SB,,,,,
7/8/22,1025CV,2,15v,x30,UPPER KAI-IWI SB,,,,,
7/8/22,1026CV,1,15v,x30,UPPER KAI-IWI SB,,,,,
7/8/22,1026CV,2,15v,x30,UPPER KAI-IWI SB,,,,,
7/8/22,1027CV,1,15v,x30,UPPER KAI-IWI SB,,,,,
7/11/22,837CV,1,15v,x30,TAINUI SB,,,,,
7/11/22,837CV,2,15v,x30,TAINUI SB,,,,,
7/11/22,838CV,1,15v,x30,TAINUI SB,,,,,
7/11/22,838CV,2,15v,x30,TAINUI SB,,,,,
7/11/22,839CV,1,15v,x30,TAINUI SB,,,,,
7/11/22,840CV,1,15v,x30,TAINUI SB,,,,,
7/11/22,840CV,2,15v,x30,TAINUI SB,,,,,
7/11/22,840CV,3,15v,x30,TAINUI SB,,,,,
7/11/22,841CV,1,15v,x30,TAINUI SB,,,,,
7/11/22,841CV,2,15v,x30,TAINUI SB,,,,,
7/11/22,841CV,3,15v,x30,TAINUI SB,,,,,
7/11/22,842CV,1,15v,x30,TAINUI SB,,,,,
7/12/22,530CV,1,15v,x30,NKLS,,,,,
7/12/22,530CV,2,15v,x30,NKLS,,,,,
7/12/22,531CV,1,15v,x30,NKLS,,,,,
7/12/22,531CV,2,15v,x30,NKLS,,,,,
7/12/22,532CC,1,15v,x30,NKLS,,,,,
7/12/22,532CC,2,15v,x30,NKLS,,,,,
7/12/22,533CC,1,15v,x30,NKLS,,,,,
7/12/22,533CC,2,15v,x30,NKLS,,,,,
7/12/22,534CV,1,15v,x30,NKLS,,,,,
7/12/22,534CV,2,15v,x30,NKLS,,,,,
7/12/22,535CV,1,15v,x30,NKLS,,,,,
7/12/22,535CV,2,15v,x30,NKLS,,,,,
7/12/22,536CV,1,15v,x30,NKLS,,,,,
7/12/22,536CV,2,15v,x30,NKLS,,,,,
7/12/22,537CV,1,15v,x30,NKLS,,,,,
7/12/22,537CV,2,15v,x30,NKLS,,,,,
7/13/22,538CC,1,15v,x30,NKLS,,,,,
7/13/22,538CC,2,15v,x30,NKLS,,,,,
7/13/22,539CV,1,15v,x30,NKLS,,,,,
7/13/22,539CV,2,15v,x30,NKLS,,,,,
7/19/22,540CC,1,15v,x30,NKLS,,,,,
7/19/22,540CV,1,15v,x30,NKLS,,,,,
7/19/22,541CV,1,15v,x30,NKLS,,,,,
7/19/22,541CV,2,15v,x30,NKLS,,,,,
7/19/22,542CV,1,15v,x30,NKLS,,,,,
7/19/22,542CV,2,15v,x30,NKLS,,,,,
7/19/22,543CC,1,15v,x30,NKLS,,,,,
7/19/22,543CC,2,15v,x30,NKLS,,,,,
7/19/22,544CV,1,15v,x30,NKLS,,,,,
7/19/22,544CV,2,15v,x30,NKLS,,,,,
7/19/22,545CV,1,15v,x30,NKLS,,,,,
7/19/22,545CV,2,15v,x30,NKLS,,,,,
7/19/22,546CC,1,15v,x30,NKLS,,,,,
7/19/22,546CC,2,15v,x30,NKLS,,,,,
7/19/22,547CV,1,15v,x30,NKLS,,,,,
7/19/22,547CV,2,15v,x30,NKLS,,,,,
7/19/22,548CV,1,15v,x30,NKLS,,,,,
7/19/22,548CV,2,15v,x30,NKLS,,,,,
7/20/22,549CV,1,15v,x30,NKLS,,,,,
7/20/22,549CV,2,15v,x30,NKLS,,,,,
7/20/22,550CV,1,15v,x30,NKLS,,,,,
7/20/22,550CV,2,15v,x30,NKLS,,,,,
7/20/22,551CC,1,15v,x30,NKLS,,,,,
7/20/22,552CV,1,15v,x30,NKLS,,,,,
7/20/22,552CV,2,15v,x30,NKLS,,,,,
7/20/22,553CV,1,15v,x30,NKLS,,,,,
7/20/22,553CV,2,15v,x30,NKLS,,,,,
7/20/22,554CV,1,15v,x30,NKLS,,,,,
7/20/22,554CV,2,15v,x30,NKLS,,,,,
7/20/22,555CV,1,15v,x30,NKLS,,,,,
7/20/22,556CV,1,15v,x30,NKLS,,,,,
7/20/22,556CV,2,15v,x30,NKLS,,,,,
7/20/22,557CC,1,15v,x30,NKLS,,,,,
7/20/22,557CC,2,15v,x30,NKLS,,,,,
7/20/22,558CC,1,15v,x30,NKLS,,,,,
7/20/22,558CC,2,15v,x30,NKLS,,,,,
7/20/22, 559CC,1,15v,x30,NKLS,,,,,
7/20/22,559CC,2,15v,x30,NKLS,,,,,
7/20/22,560CV,1,15v,x30,NKLS,,,,,
7/20/22,561CV,1,15v,x30,NKLS,,,,,
7/20/22,562CC,1,15v,x30,NKLS,,,,,
7/20/22,562CC,2,15v,x30,NKLS,,,,,
7/22/22,563CV,1,15v,x30,NKLS,,,,,
7/22/22,564CV,1,15v,x30,NKLS,,,,,
7/22/22,564CV,2,15v,x30,NKLS,,,,,
7/22/22,565CV,1,15v,x30,NKLS,,,,,
7/22/22,565CV,2,15v,x30,NKLS,,,,,
7/22/22,566CC,1,15v,x30,NKLS,,,,,
7/22/22,566CC,2,15v,x30,NKLS,,,,,
7/22/22,566CC,3,15v,x30,NKLS,,,,,
7/22/22,567CV,1,15v,x30,NKLS,,,,,
7/22/22,568CV,1,15v,x30,NKLS,,,,,
7/22/22,568CV,2,15v,x30,NKLS,,,,,
7/22/22,568CC,1,15v,x30,NKLS,,,,,
7/22/22,569CC,1,15v,x30,NKLS,,,,,
7/22/22,569CC,2,15v,x30,NKLS,,,,,
7/22/22,570CC,1,15v,x30,NKLS,,,,,
7/22/22,571CV,1,15v,x30,NKLS,,,,,
7/22/22,571CV,2,15v,x30,NKLS,,,,,
7/22/22,572CC,1,15v,x30,NKLS,,,,,
7/22/22,573CC,1,15v,x30,NKLS,,,,,
7/22/22,574CC,1,15v,x30,NKLS,,,,,
7/22/22,574CV,1,15v,x30,NKLS,,,,,
7/22/22,575CV,1,15v,x30,NKLS,,,,,
7/22/22,575CV,2,15v,x30,NKLS,,,,,
7/22/22,576CC,1,15v,x30,NKLS,,,,,
7/22/22,576CC,2,15v,x30,NKLS,,,,,
7/26/22,577CV,1,15v,x30,NKLS,,,,,
7/26/22,577CV,2,15v,x30,NKLS,,,,,
7/26/22,577CC,1,15v,x30,NKLS,,,,,
7/26/22,577CC,2,15v,x30,NKLS,,,,,
7/26/22,578CC,1,15v,x30,NKLS,,,,,
7/26/22,578CC,2,15v,x30,NKLS,,,,,
7/26/22,038iCV,1,15v,x30,NKBS,,,,,
7/26/22,038iCV,2,15v,x30,NKBS,,,,,
7/26/22,039iCV,1,15v,x30,NKBS,,,,,
7/26/22,039iCV,2,15v,x30,NKBS,,,,,
7/26/22,040iCV,1,15v,x30,NKBS,,,,,
7/26/22,040iCV,2,15v,x30,NKBS,,,,,
7/26/22,041iCV,1,15v,x30,NKBS,,,,,
7/26/22,041iCV,2,15v,x30,NKBS,,,,,
7/26/22,042iCV,1,15v,x30,NKBS,,,,,
7/26/22,042iCV,2,15v,x30,NKBS,,,,,
7/26/22,042iCV,3,15v,x30,NKBS,,,,,
7/26/22,043iCC,1,15v,x30,NKBS,,,,,
7/26/22,043iCC,2,15v,x30,NKBS,,,,,
7/26/22,044iCC,1,15v,x30,NKBS,,,,,
7/26/22,044iCC,2,15v,x30,NKBS,,,,,
7/28/22,045iCV,1,15v,x30,NKBS,,,,,
7/28/22,046iCV,1,15v,x30,NKBS,,,,,
7/28/22,046iCV,2,15v,x30,NKBS,,,,,
7/28/22,047iCV,1,15v,x30,NKBS,,,,,
7/28/22,048iCC,1,15v,x30,NKBS,,,,,
7/28/22,048iCC,2,15v,x30,NKBS,,,,,
7/28/22,048iCV,1,15v,x30,NKBS,,,,,
7/28/22,049iCV,1,15v,x30,NKBS,,,,,
7/28/22,050iCV,1,15v,x30,NKBS,,,,,
7/28/22,050iCV,2,15v,x30,NKBS,,,,,
7/28/22,051iCV,1,15v,x30,NKBS,,,,,
7/28/22,051iCV,2,15v,x30,NKBS,,,,,
7/28/22,052iCC,1,15v,x30,NKBS,,,,,
7/28/22,053iCV,1,15v,x30,NKBS,,,,,
7/28/22,053iCV,2,15v,x30,NKBS,,,,,
7/28/22,053iCC,1,15v,x30,NKBS,,,,,
7/28/22,054iCV,1,15v,x30,NKBS,,,,,
7/28/22,055iCV,1,15v,x30,NKBS,,,,,
7/28/22,055iCV,2,15v,x30,NKBS,,,,,
7/28/22,055iCC,1,15v,x30,NKBS,,,,,
7/28/22,055iCC,2,15v,x30,NKBS,,,,,
7/28/22,056iCV,1,15v,x30,NKBS,,,,,
8/1/22,656iCV,1,15v,x30,TEWKESBURY,,,,,
8/1/22,656iCV,2,15v,x30,TEWKESBURY,,,,,
8/1/22,657iCC,1,15v,x30,TEWKESBURY,,,,,
8/1/22,657iCV,1,15v,x30,TEWKESBURY,,,,,
8/1/22,658iCV,1,15v,x30,TEWKESBURY,,,,,
8/1/22,658iCV,2,15v,x30,TEWKESBURY,,,,,
8/1/22,659iCV,1,15v,x30,TEWKESBURY,,,,,
8/1/22,659iCV,2,15v,x30,TEWKESBURY,,,,,
8/1/22,660iCV,1,15v,x30,TEWKESBURY,,,,,
8/1/22,661iCV,1,15v,x30,TEWKESBURY,,,,,
8/1/22,661iCV,2,15v,x30,TEWKESBURY,,,,,
8/1/22,662iCV,1,15v,x30,TEWKESBURY,,,,,
8/1/22,662iCC,1,15v,x30,TEWKESBURY,,,,,
8/1/22,662iCC,2,15v,x30,TEWKESBURY,,,,,
8/2/22,663iCV,1,15v,x30,TEWKESBURY,,,,,
8/2/22,663iCV,2,15v,x30,TEWKESBURY,,,,,
8/2/22,663iCV,3,15v,x30,TEWKESBURY,,,,,
8/2/22,664iCC,1,15v,x30,TEWKESBURY,,,,,
8/2/22,664iCC,2,15v,x30,TEWKESBURY,,,,,
8/2/22,665iCC,1,15v,x30,TEWKESBURY,,,,,
8/2/22,665iCC,2,15v,x30,TEWKESBURY,,,,,
8/2/22,665iCC,3,15v,x30,TEWKESBURY,,,,,
8/2/22,666iCV,1,15v,x30,TEWKESBURY,,,,,
8/2/22,666iCV,2,15v ,x30,TEWKESBURY,,,,,
8/2/22,666iCC,1,15v,x30,TEWKESBURY,,,,,
8/2/22,057iCV,1,15v,x30,NKBS,,,,,
8/2/22,057iCV,2,15v,x30,NKBS,,,,,
8/2/22,058iCV,1,15v,x30,NKBS,,,,,
8/2/22,058iCV,2,15v,x30,NKBS,,,,,
8/2/22,059iCV,1,15v,x30,NKBS,,,,,
8/2/22,059iCC,1,15v,x30,NKBS,,,,,
8/3/22,001CC,1,15v,x30,KAH1750,,,,,
8/3/22,001CC,2,15V,X30,KAH1750,,,,,
8/3/22,002CV,1,15V,X30,KAH1705,,,,,
8/3/22,003CC,1,15v,x30,KAH1705,,,,,
8/3/22,004CV,1,15v,x30,KAH1750,,,,,
8/3/22,004CV,2,15v,x30,KAH1750,,,,,
8/3/22,005CC,1,15v,x30,KAH1750,,,,,