Expedition,SAMPLE_ID,Formation_name,GPS number,GPS lat,GPS long,Date ,Time,Collectors,Code,Total,Encrusted,Rate,Physical Description,Photo ID,Unpacked,Unpacked by,unpacking notes,Small,Large,Too large,NOTE,,,,
WABO I,1,Lower Castlecliff Shellbed,1,39S 54.243,174E 56.183,10/01/2014,,"SR, LLH, KV",SR #9,52,17,0.327,"Exposure about 0.5 by 2 m across, but washdown before two in place shell beds. We sampled one of them",,,,,,,,,,,,
WABO I,2,Lower Castlecliff Shellbed,2,39S 54.236,174E 56.183,10/01/2014,,"SR, LLH, KV",SR #9,51,13,0.255,"Exposure 1.35 by 1 m, about 10 m North of Sample 1",,,,,,,,,,,,
WABO I,3,Lower Castlecliff Shellbed,3,39S 54.253,174E 56.199,10/01/2014,,"SR, LLH, KV",SR #9,53,15,0.283,"Exposure about 2 m by 1.5 m with concentration of shells lower, about 20 m South of Sample 1",,,,,,,,,,,,
WABO I,4,Tainui Shellbed,4,39S 54.645,174E 56.820,10/01/2014,,"SR, LLH, KV",RVTL -1,53,10,0.189,Exposure about 5-1m by 10 m.,,,,,,,,,,,,
WABO I,5,Tainui Shellbed,5,39S 56.668,175E 09.173,10/01/2014,,"SR, LLH, KV",SR #24,50,8,0.160,"Exposure about 0.5 m by 2 m, Pinnacle Sand under seen clearly. Substantial decalcification. ",,,,,,,,,,,,
WABO I,6,Tainui Shellbed,6,39S 55.061,174E 57.347,11/01/2014,,"SR, LLH, KV",SR #5,50,17,0.340,"Exposure about 1 m by 8 am, we did four here (low)",,,,,,,,,,,,
WABO I,7,Tainui Shellbed,6,39S 55.061,174E 57.347,11/01/2014,,"SR, LLH, KV",SR #5,50,10,0.200,"Exposure about 1 m by 8 am, we did four here (high)",,,,,,,,,,,,
WABO I,8,Tainui Shellbed,6,39S 55.061,174E 57.347,11/01/2014,,"SR, LLH, KV",SR #5,50,14,0.280,"Exposure about 1 m by 8 am, we did four here (high)",,,,,,,,,,,,
WABO I,9,Tainui Shellbed,6,39S 55.061,174E 57.347,11/01/2014,,"SR, LLH, KV",SR #5,50,14,0.280,"Exposure about 1 m by 8 am, we did four here (low)",,,,,,,,,,,,
WABO I,10,Upper Castlecliff Shellbed,8,39S 55.066,174E 57.383,11/01/2014,,"SR, LLH, KV",SR #4,50,21,0.420,Exposure abpout 2 m by 150-200 m. Better preservation than previous for because more silty?,,,,,,,,,,,,
WABO I,11,Upper Castlecliff Shellbed,8,39S 55.066,174E 57.383,11/01/2014,,"SR, LLH, KV",SR #4,50,10,0.200,Exposure abpout 2 m by 150-200 m. climbed about 50 birds eye view south of Sample 10. Did 5 here,,,,,,,,,,,,
WABO I,12,Upper Castlecliff Shellbed,8,39S 55.066,174E 57.383,11/01/2014,,"SR, LLH, KV",SR #4,50,11,0.220,Exposure abpout 2 m by 150-200 m. climbed about 50 birds eye view south of Sample 10. Did 5 here,,,,,,,,,,,,
WABO I,13,Upper Castlecliff Shellbed,8,39S 55.066,174E 57.383,11/01/2014,,"SR, LLH, KV",SR #4,50,10,0.200,Exposure abpout 2 m by 150-200 m. climbed about 50 birds eye view south of Sample 10. Did 5 here,,,,,,,,,,,,
WABO I,14,Upper Castlecliff Shellbed,8,39S 55.066,174E 57.383,11/01/2014,,"SR, LLH, KV",SR #4,50,7,0.140,Exposure abpout 2 m by 150-200 m. climbed about 50 birds eye view south of Sample 10. Did 5 here,,,,,,,,,,,,
WABO I,15,Upper Castlecliff Shellbed,8,39S 55.066,174E 57.383,11/01/2014,,"SR, LLH, KV",SR #4,50,7,0.140,Exposure abpout 2 m by 150-200 m. climbed about 50 birds eye view south of Sample 10. Did 5 here,,,,,,,,,,,,
WABO I,16,Upper Castlecliff Shellbed,9,39S 55.084,174E 57.407,11/01/2014,,"SR, LLH, KV",SR #4,50,10,0.200,"Walked by ""cave"" and then  sampled. Exposure is continuation from previous so 2 m ",,,,,,,,,,,,
WABO I,17,Upper Castlecliff Shellbed,9,39S 55.084,174E 57.407,11/01/2014,,"SR, LLH, KV",SR #4,50,10,0.200,"Walked by ""cave"" and then  sampled. Exposure is continuation from previous so 2 m ",,,LHL,,,,,,,,,
WABO I,18,Upper Castlecliff Shellbed,9,39S 55.084,174E 57.407,11/01/2014,,"SR, LLH, KV",SR #4,50,17,0.340,"Walked by ""cave"" and then  sampled. Exposure is continuation from previous so 2 m ",,,LHL,changed from 28 to 17 enxrusted,,,,,,,,
WABO I,19,Upper Castlecliff Shellbed,11,39S 55.323,174E 57.573,11/01/2014,,"SR, LLH, KV",SR #3,50,21,0.420,Hard to reach sample. Very small exposure but good quality.,,,,,,,,,,,,
WABO I,20,Upper Castlecliff Shellbed,12,39S 55.289,174E 57.664,12/01/2014,,"SR, LLH, KV",btw SR #2 & #3,50,8,0.160,"Between SR #2 and 3 (Christianed ""Jurassic Park"") 1.5 by 6 m. Washed down below. Sandy, probably nearshore, many Otionella, poor preservation)",,,,,,,,,,,,
WABO I,21,Shakespeare Cliff Basal Sand Shellbed,13,39S 55.104,174E 57.422,12/01/2014,,"SR, LLH, KV",,50,28,0.560,"Basal Sand. Site christianed ""Crouching Tiger Hidden Dragon"".  First of two samples here. Good preservation and many encrusters seen",,26/2/14,KV,changed from 40 to 28 encrusted,9,16,3,,,,,
WABO I,22,Shakespeare Cliff Basal Sand Shellbed,13,39S 55.104,174E 57.422,12/01/2014,,"SR, LLH, KV",,50,25,0.500,"Basal Sand. Site christianed ""Crouching Tiger Hidden Dragon"". Second of two samples here. Good preservation and many encrusters seen",,27/2/14,LHL,,7,17,1,,,,,
WABO I,23,Shakespeare Cliff Basal Sand Shellbed,14,39S 55.093,174E 57.404,12/01/2014,,"SR, LLH, KV",,50,21,0.420,"Basal Sand. About 50 m south of Samples 22 and 23, same horizon. Wet. Shells are ""vegetated""",,26/2/14,LHL,,4,16,1,,,,,
WABO I,24,Tainui Shellbed,15,39S 55.078,174E 57.377,12/01/2014,,"SR, LLH, KV",SR #4,50,9,0.180,At or close to SR #4. First of three samples. Poor preservaetion,,,,,,,,,,,,
WABO I,25,Tainui Shellbed,15,39S 55.078,174E 57.377,12/01/2014,,"SR, LLH, KV",,50,3,0.060,At or close to SR #4. Second of three samples. Poor preservaetion,,,,,,,,,,,,
WABO I,26,Tainui Shellbed,15,39S 55.078,174E 57.377,12/01/2014,,"SR, LLH, KV",,50,3,0.060,At or close to SR #4. Three of three samples. Poor preservaetion,,,,,,,,,,,,
WABO I,27,Shakespeare Cliff Basal Sand Shellbed,10,39S 55.072,174E 57.386,12/01/2014,,"SR, LLH, KV",,50,35,0.700,Basal Sand. Same spot from which Paul did an interaction sample on 11/01/2014. Fallen block. We can see source above,,28/2/2014,LHL,changed from 39 to 25,,,,,,,,
WABO I,28,Tainui Shellbed,16,39S 54.915,174E 57.129,12/01/2014,,"SR, LLH, KV",,50,12,0.240,"Slity, poor preservation, fallen from section right above, which is a huge exposure.",,,,,,,,,,,,
WABO I,29,Shakespeare Cliff Basal Sand Shellbed,17,39S 54.909,174E 57.177,12/01/2014,,"SR, LLH, KV",,50,16,0.320,Basal Sand. Fallen block about 20 m South of sample 25. Crumbly and poorer than other Shakespeare Cliff Basal Sands seen previously on this trip.,,26/2/2014,LHL,changed from 15 to 16 encrusted,9,7,0,,,,,
WABO I,30,Lower Castlecliff Shellbed,18,39S 54.271,174E 56.225,12/01/2014,,"SR, LLH, KV",,50,34,0.680,About 50 m North of  SR #9 visited on 10/1/2014. Fallen block but source visible. First of two such samples,,,,,,,,,,,,
WABO I,31,Lower Castlecliff Shellbed,18,39S 54.271,174E 56.225,12/01/2014,,"SR, LLH, KV",,50,16,0.320,About 50 m North of  SR #9 visited on 10/1/2014. Fallen block but source visible. Second of two such samples,,,,,,,,,,,,
WABO I,32,Lower Castlecliff Shellbed,18,39S 54.271,174E 56.225,12/01/2014,,"SR, LLH, KV",,50,16,0.320,"About 50 m North of  SR #9 visited on 10/1/2014. In place sample of Smaples 30 and 31, difficult access.",,,,,,,,,,,,
WABO I,33,Nukumaru Limestone,19,39S 51.946,174E 45.603,13/01/2014,,"SR, LLH, KV",,30,27,0.900,Hard,Huge exposure of varying visible vertical expense. Some rock slabs fallen on beach. Mixture of storm beds more more normal looking shell beds. Preservation wise some soft sands and some rock hard layers. Here we picked what we could manage but did a couple of hard ones,,,,,,,,,,,
WABO I,34,Nukumaru Limestone,19,39S 51.946,174E 45.603,13/01/2014,,"SR, LLH, KV",,30,27,0.900,"About 3 m south of Sample 33, softer then 33.",,,,,,,,,,,,
WABO I,35,Nukumaru Limestone,20,39S 51.955,174E 45.625,13/01/2014,,"SR, LLH, KV",,30,20,0.667,GPS 20,,,,,,,,,,,,
WABO I,36,Nukumaru Limestone,20,39S 51.955,174E 45.625,13/01/2014,,"SR, LLH, KV",,30,26,0.867,About 4 m south of Sample 35,,,,,,,,,,,,
WABO I,37,Nukumaru Limestone,21,39S 51.966,174E 45.672,13/01/2014,,"SR, LLH, KV",,30,23,0.767,GPS 21,,17/2/2014,L.H.L.,,16,5,1,,,,,
WABO I,38,Nukumaru Limestone,21,39S 51.966,174E 45.672,13/01/2014,,"SR, LLH, KV",,30,26,0.867,About 8 m South of sample 37,,,,,,,,,,,,
WABO I,39,Nukumaru Limestone,22,39S 51.965,174E 45.704,13/01/2014,,"SR, LLH, KV",,30,25,0.833,GPS 22,,,,,,,,,,,,
WABO I,40,Nukumaru Limestone,22,39S 51.965,174E 45.704,13/01/2014,,"SR, LLH, KV",,30,26,0.867,About 4 m from sample 39,,,,,,,,,,,,
WABO I,41,Nukumaru Limestone,23,39S 51.948,174E 45.800,13/01/2014,,"SR, LLH, KV",,30,22,0.733,GPS 23,,,,,,,,,,,,
WABO I,42,Nukumaru Limestone,23,39S 51.948,174E 45.800,13/01/2014,,"SR, LLH, KV",,30,24,0.800,About 8 m south of Sample 41,,,,,,,,,,,,
WABO I,43,Nukumaru Limestone,24,39S 51.963,174E 45.695,13/01/2014,,"SR, LLH, KV",,30,23,0.767,Abpout 4 m north of Sample 44,,,,,,,,,,,,
WABO I,44,Nukumaru Limestone,24,39S 51.963,174E 45.695,13/01/2014,,"SR, LLH, KV",,30,25,0.833,GPS 24,,,,,,,,,,,,
WABO I,45,Nukumaru Limestone,25,39S 51.963,174E 45.664,13/01/2014,,"SR, LLH, KV",,30,17,0.567,GPS 25,,,,,,,,,,,,
WABO I,46,Nukumaru Limestone,25,39S 51.963,174E 45.664,13/01/2014,,"SR, LLH, KV",,30,20,0.667," 3 m S of GPS 25, very soft sand",,,,,,,,,,,,
WABO I,47,Nukumaru Limestone,26,39S 51.962,174E 45.649,13/01/2014,,"SR, LLH, KV",,30,21,0.700,GPS 26 cemented and sandy,,,,,,,,,,,,
WABO I,48,Nukumaru Limestone,26,39S 51.962,174E 45.649,13/01/2014,,"SR, LLH, KV",,30,23,0.767,3 m South of Sample 47,,,,,,,,,,,,
WABO I,49,Nukumaru Limestone,27,39S 51.950,174E 45.611,13/01/2014,,"SR, LLH, KV",,30,15,0.500,GPS 27,,,,,,,,,,,,
WABO I,50,Nukumaru Limestone,27,39S 51.950,174E 45.611,13/01/2014,,"SR, LLH, KV",,30,21,0.700,8 m S of Sample 49,,,,,,,,,,,,
WABO I,51,Nukumaru Limestone,28,39S 51.954,174E 45.615,13/01/2014,,"SR, LLH, KV",,30,26,0.867,"GPS 28, 6 m south of Sample 50",,,,,,,,,,,,
WABO I,52,Nukumaru Limestone,29,39S 51.946,174E 45.603,13/01/2014,,"SR, LLH, KV",,30,21,0.700,GPS 29,,,,,,,,,,,,
WABO I,53,Nukumaru Limestone,30,39S 49.699,174E 52.916,14/01/2014,,"SR, LLH, KV",,30,?,#VALUE!,"Exposure large, by driveway into gated property. Very hard, bleached layers, some dany bits. Preservation variable, some interactions picked up by PDT",,,,,,,,,,,,
WABO I,54,Nukumaru Limestone,30,39S 49.699,174E 52.916,14/01/2014,,"SR, LLH, KV",,30,27,0.900,About 5 m from sample 53.,,,,,,,,,,,,
WABO I,55,Nukumaru Brown Sand,31,39S 51.456,174E 47.197,14/01/2014,,"SR, LLH, KV",,50,33,0.660,Many small gastropods and sand dollars not uncommon. Huge exposure but high in cliff. Close to base on Brown Sand (what is reacable). SR #40,,14/2/2014,LHL,Changed from 40 shells to 33 shells,19,10,4,,,,,
WABO I,56,Nukumaru Brown Sand,32,39S 51.472,174E 47.12,14/01/2014,,"SR, LLH, KV",,50,33,0.660,,,19/2/2014,LHL,,22,9,2,,,,,
WABO I,57,Nukumaru Brown Sand,32,39S 51.472,174E 47.12,14/01/2014,,"SR, LLH, KV",,50,22,0.440,"About 2 m from Sample 57, Sandy",,17-18/2/2014,LHL,,16,5,1,,,,,
WABO I,58,Lower Kai-iwi Shellbed,33,39S 52.877,174E 53.321,14/01/2014,,"SR, LLH, KV",,50,29,0.580,"Kai-iwi Beach, much erosion and overgrowth by vegetation. SR #34. Gritty, shells fragile",,,,,,,,,,,,
WABO I,59,Lower Kai-iwi Shellbed,33,39S 52.877,174E 53.321,14/01/2014,,"SR, LLH, KV",,50,29,0.580,"Kai-iwi Beach, much erosion and overgrowth by vegetation. SR #34. Gritty, shells fragile",,,,,,,,,,,,
WABO I,60,Lower Kai-iwi Shellbed,34,39S 52.941,174E 53.475,14/01/2014,,"SR, LLH, KV",,50,19,0.380,"Kai-iwi Beach, much erosion and overgrowth by vegetation. SR #34. Gritty, shells fragile",,,,,,,,,,,,
WABO I,61,Lower Kai-iwi Shellbed,35,39S 52.963,174E 53.515,14/01/2014,,"SR, LLH, KV",,50,30,0.600,Same but fallen block,,,,,,,,,,,,
WABO I,62,Lower Kai-iwi Shellbed,36,39S 53.059,174E 53.759,14/01/2014,,"SR, LLH, KV",,50,37,0.740,very crumbly,,,,,,,,,,,,
WABO I,63,Nukumaru Limestone,37,39S 51.483,174E 47.049,15/01/2014,,"SR, LLH, KV",,30,26,0.867,Very close to fault line and can see Brown sand above,,,,,,,,,,,,
WABO I,64,Nukumaru Limestone,38,39S 51.483,174E 47.061,15/01/2014,,"SR, LLH, KV",,30,20,0.667,About 10 m from Sample 37,,,,,,,,,,,,
WABO I,65,Nukumaru Limestone,38,39S 51.483,174E 47.061,15/01/2014,,"SR, LLH, KV",,30,8,0.267,About 5 m from Sample 38,,,,,,,,,,,,
WABO I,66,Nukumaru Brown Sand,39,39S 51.481,174E 47.086,15/01/2014,,"SR, LLH, KV",,30,15,0.500,Basal Brown Sand. Very soft and Sandy but preservation not great.,,19/2/2014,LHL,,10,4,1,,,,,
WABO I,67,Nukumaru Brown Sand,40,39S 51.464,174E 47.183,15/01/2014,,"SR, LLH, KV",,30,13,0.433,About 10 m above beach.,,20/2/2014,LHL,,8,3,2,,,,,
WABO I,68,Nukumaru Brown Sand,41,39S 51.476,174E 47.458,15/01/2014,,"SR, LLH, KV",,30,15,0.500,slumped off a little.,,20/2/2014,LHL,,7,5,3,,,,,
WABO I,69,Nukumaru Brown Sand,42,39S 51.474,174E 47.42,15/01/2014,,"SR, LLH, KV",,30,12,0.400,slumped off a little.,,20/2/2014,LHL,Corrected from 13 to 12,8,4,0,,,,,
WABO I,70,Nukumaru Brown Sand,43,39S 51.466,174E 47.358,15/01/2014,,"SR, LLH, KV",,30,14,0.467,1 m height from beach level,,21/2/2014,LHL,,8,5,1,,,,,
WABO I,71,Nukumaru Brown Sand,44,39S 51.462,174E 47.348,15/01/2014,,"SR, LLH, KV",,30,15,0.500,1 m height from beachlevel,,21/2/2014,LHL,,8,5,2,,,,,
WABO I,72,Nukumaru Brown Sand,45,39S 51.457,174E 47.309,15/01/2014,,"SR, LLH, KV",,30,10,0.333,1 m height from beach level,,21/2/2014,LHL,,4,3,3,,,,,
WABO I,73,Nukumaru Brown Sand,46,39S 51.46,174E 47.302,15/01/2014,,"SR, LLH, KV",,30,18,0.600,3-4 m from beach level,,19/2/2014,LHL,,8,8,2,,,,,
WABO I,74,Nukumaru Brown Sand,47,39S 51.458,174E 47.249,15/01/2014,,"SR, LLH, KV",,30,16,0.533,8 m from beach level,,21/2/2014,LHL,channged from 15 to 16,9,7,0,,,,,
WABO I,75,Nukumaru Limestone,48,39S 51.51,174E 47.01,15/01/2014,,"SR, LLH, KV",,30,22,0.733,Close to fault line,,,,,,,,,,,,
WABO I,76,Nukumaru Limestone,49,39S 51.549,174E 46.913,15/01/2014,,"SR, LLH, KV",,30,14,0.467,Hard ,,,,,,,,,,,,
WABO I,77,Nukumaru Limestone,50,39S 51.597,174E 46.849,15/01/2014,,"SR, LLH, KV",,30,15,0.500,Sandy and gritty,,,,,,,,,,,,
WABO I,78,Nukumaru Limestone,51,39S 51.626,174E 46.814,15/01/2014,,"SR, LLH, KV",,30,5,0.167,"Very hard, small shells, very cemented",,,,,,,,,,,,
WABO I,79,Upper Castlecliff Shellbed,12,39S 55.289,174E 57.664,16/01/2014,,"SR, LLH, KV",,50,16,0.320,"""Jurassic park"" Sampled in same exposure some distance away as that on 12/1/2014",,,LHL,,,,,,,,,
WABO I,80,Upper Castlecliff Shellbed,52,39S 55.332,174E 57.713,16/01/2014,,"SR, LLH, KV",,50,4,0.080,20  South of Sample 79 Paul found few interactions if at all,,,,,,,,,,,,
WABO I,81,Shakespeare Cliff Basal Sand Shellbed,15,39S 55.078,174E 57.377,16/01/2014,,"SR, LLH, KV",,50,18,0.360,Basal Sand. ,,27/2/2014,LHL,,,,,,,,,
WABO I,82,Lower Castlecliff Shellbed,53,39S 54.285,174E 56.253,16/01/2014,,"SR, LLH, KV",,50,29,0.580,"Exposure about 1m by 5 m, very difficult access. About 20 m from beach level. Good interactions washdown from this spot. Close to SR # 39. AKA Pauls's favorite spot ever.",,,,,,,,,,,,
WABO I,83,Lower Castlecliff Shellbed,54,39S 54.279,174E 56.266,16/01/2014,,"SR, LLH, KV",,50,17,0.340,5-10 m laterally from sample 82. ,,,,,,,,,,,,
WABO I,84,Lower Castlecliff Shellbed,55,39S 54.295,174E 56.282,16/01/2014,,"SR, LLH, KV",,50,22,0.440,"""Windy City""About 20 m south of Sample 83 laterally and about 5-10 m higher on terrain.",,,,,,,,,,,,
WABO I,85,Lower Castlecliff Shellbed,56,39S 54.221,174E 56.139,16/01/2014,,"SR, LLH, KV",,50,21,0.420,"""Marijuana Hill"".",,,,,,,,,,,,
WABO I,86,Nukumaru Brown Sand,57,39S 49.739,175E 08.297,17/01/2014,,"SR, LLH, KV",,30,20,0.667,"Road Side Sample. Up River Road, at first view point. Sandy but somewhat harder than at beach. Preservation good but Paul not seeing much interactions. ",,14/2/2014,LHL,changed from 19 encrusted to actually 20,14,6,0,,,,,
WABO I,87,Nukumaru Brown Sand,58,39S 49.704,175E 08.773,17/01/2014,,"SR, LLH, KV",,30,17,0.567,"Up river Road, about 8 m from road level. Likely SR # 23",,,KV,,14,3,0,,,,,
WABO I,88,Nukumaru Limestone,59,39S 51.954,174E 45.786,17/01/2014,,"SR, LLH, KV",,30,15,0.500,Wainui Beach (like first day),,,,,,,,,,,,
WABO I,89,Nukumaru Limestone,60,39S 51.949,174E 45.794,17/01/2014,,"SR, LLH, KV",,30,24,0.800,,,,,,,,,,,,,
WABO I,90,Nukumaru Limestone,61,39S 51.944,174E 45.820,17/01/2014,,"SR, LLH, KV",,30,16,0.533,,,,,,,,,,,,,
WABO I,91,Nukumaru Limestone,62,39S 51.854,174E 46.249,17/01/2014,,"SR, LLH, KV",,30,3,0.100,"very cemented. ""Hell II""",,,,,,,,,,,,
WABO I,92,Nukumaru Limestone,63,39S 51.953,174E 45.766,17/01/2014,,"SR, LLH, KV",,30,21,0.700,,,,,,,,,,,,,
WABO I,93,Nukumaru Limestone,64,39S 51.962,174E 45.686,17/01/2014,,"SR, LLH, KV",,30,22,0.733,,,,,,,,,,,,,
WABO I,94,Nukumaru Limestone,65,39S 51.963,174E 45.667,17/01/2014,,"SR, LLH, KV",,30,20,0.667,,,,,,,,,,,,,
WABO I,95,Nukumaru Limestone,66,39S 51.957,174E 45.655,17/01/2014,,"SR, LLH, KV",,30,?,#VALUE!,,,,,,,,,,,,,
WABO I,96,Nukumaru Limestone,67,39S 51.957,174E 45.645,17/01/2014,,"SR, LLH, KV",,30,14,0.467,,,,,,,,,,,,,
WABO I,97,Landguard Formation,68,39S 57.409,175E 01.617,18/01/2014,,"SR, LLH, KV",,?,?,,"Close to old airport by Wanganui River, ""exposure by Agave"". Sandy, huge Pectens and other shells. Topmost Castleclffian. 2 bags 97A and B, not yet counted. ",,,,,,,,,,,,
WABO I,98,Landguard Formation,68,39S 57.409,175E 01.617,18/01/2014,,"SR, LLH, KV",,30,18,0.600,"2 m from Sample 97, 3 by 8 m exposure.",,,,,,,,,,,,
WABO I,99,Lower Castlecliff Shellbed,69,39S 54.359,174E 56.396,18/01/2014,,"SR, LLH, KV",,50,19,0.380,"Slity, some large Pectens. ""0 m from beach level exposure 1 by 3 m.",,,,,,,,,,,,
WABO I,100,Lower Castlecliff Shellbed,70,39S 54.383,174E 56.441,18/01/2014,,"SR, LLH, KV",,50,24,0.480,20 S of GPS # 69,,,,,,,,,,,,
WABO I,101,Lower Castlecliff Shellbed,55,39S 54.295,174E 56.282,18/01/2014,,"SR, LLH, KV",,50,19,0.380,Shell rich and many gastropods,,,,,,,,,,,,
WABO I,102,Upper Kai-iwi Shellbed,71,39S 53.816,174E 55.427,18/01/2014,,"SR, LLH, KV",,30,15,0.500,"Thought to be Kupe Formation at first by revised. <About 20 m from beach level with 2-3 m by 20-30 shell bed, but hard to reach. This is a fallen block.",,,LH,,,,,,,,,
WABO I,103,Upper Kai-iwi Shellbed,71,39S 53.816,174E 55.427,18/01/2014,,"SR, LLH, KV",,30,21,0.700,fallen block,,,LHL,,,,,,,,,
WABO I,104,Upper Kai-iwi Shellbed,71,39S 53.816,174E 55.427,18/01/2014,,"SR, LLH, KV",,30,13,0.433,fallen block,,,KLV,,,,,,,,,
WABO I,105,Upper Kai-iwi Shellbed,72,39S 53.804,174E 55.420,18/01/2014,,"SR, LLH, KV",,30,17,0.567,"12 m from beach level, in place. ",,,KLV,,,,,,,,,
WABO I,106,Upper Kai-iwi Shellbed,73,39S 53.770,174E 55.370,18/01/2014,,"SR, LLH, KV",,30,19,0.633,,,,LHL,,,,,,,,,
WABO I,107,Upper Kai-iwi Shellbed,73,39S 53.770,174E 55.370,18/01/2014,,"SR, LLH, KV",,30,19,0.633,about 4 m from Sample 106,,,LHL,,,,,,,,,
WABO I,108,Upper Kai-iwi Shellbed,74,39S 53.972,174E 55.705,19/01/2014,,"SR, LLH, KV",,30,10,0.333,"Beach level, Tore films",,,LHL,,,,,,,,,
WABO I,109,Upper Kai-iwi Shellbed,75,39S 53.879,174E 55.542,19/01/2014,,"SR, LLH, KV",,30,19,0.633,Fallen block with fragile shells,,,LHL,,,,,,,,,
WABO I,110,Upper Kai-iwi Shellbed,76,39S 53.879,174E 55.557,19/01/2014,,"SR, LLH, KV",,30,19,0.633,"in place, 12-15 from beach level",,,KLV,,,,,,,,,
WABO I,111,Upper Kai-iwi Shellbed,76,39S 53.879,174E 55.557,19/01/2014,,"SR, LLH, KV",,30,10,0.333,"In place, 2-3 south of Sample 110",,,LHL,,,,,,,,,
WABO I,112,Upper Kai-iwi Shellbed,77,39S 53.873,174E 55.529,19/01/2014,,"SR, LLH, KV",,30,20,0.667,Fallen block,,,KLV,,,,,,,,,
WABO I,113,Upper Kai-iwi Shellbed,78,39S 53.862,174E 55.525,19/01/2014,,"SR, LLH, KV",,30,17,0.567,Wet,,,LHL,Changed from 16 to 17 shells,,,,,,,,
WABO I,114,Nukumaru Brown Sand,79,39S 51.456,174E 47.214,19/01/2014,,"SR, LLH, KV",,30,15,0.500,Very sandy,,24/2/2014,KLV,,9,6,0,,,,,
WABO I,116,Nukumaru Brown Sand,82,39S 51.471,174E 47.116,19/01/2014,,"SR, LLH, KV",,30,12,0.400,,,20/2/2014,LHL,,5,5,2,,,,,
WABO I,117,Nukumaru Brown Sand,83,39S 51.458,174E 47.221,19/01/2014,,"SR, LLH, KV",,30,6,0.200,,,14/2/2014,LHL,,,,,,,,,
WABO I,118,Nukumaru Brown Sand,84,39S 51.455,174E 47.269,19/01/2014,,"SR, LLH, KV",,30,19,0.633,,,14/2/2014,KLV,,11,7,1,,,,,
WABO I,119,Nukumaru Brown Sand,85,39S 51.459,174E 47.295,19/01/2014,,"SR, LLH, KV",,30,10,0.333,,,20/2/2014,LHL,,6,3,1,,,,,
WABO I,115A,Nukumaru Brown Sand,80,39S 51.483,174E 47.052,19/01/2014,,"SR, LLH, KV",,30,12,0.400,10 m from beach level,,17/2/2014,LHL,,7,4,1,,,,,
WABO I,115B,Nukumaru Brown Sand,81,39S 51.483,174E 47.052,19/01/2014,,"SR, LLH, KV",,30,14,0.467,Close to top of Brown Sand. Treacherous,,20/2/2014,LHL,,7,5,2,,,,,
WABO I,,,,,,,,,,,,,,,,,,,,,,,,,
WABO I,9.1,Nukumaru Brown Sand,52,39S 51.946,174E 45.603,13/01/2014,,PDT,,,,,Nukumaru beach (close to WABO 33-52),,,London 31 Mar,,,,,,,,,
WABO I,9.2,Lower Castlecliff Shellbed,55,39S 54.295,174E 56.282,,,,,,,,Lwr Castelcliff SB GPS 55,,,30,,,,,,,,,
WABO I,9.3,Upper Kai-iwi Shellbed,71,39S 53.816,174E 55.427,,,,,,,,Upper Kai-iwi Shellbed GPS 71,,,,,,,,,,,,
WABO I,9.4,Lower Castlecliff Shellbed,69,39S 54.359,174E 56.396,,,,,,,,GPS 69,,,,,,,,,,,,
WABO I,9.5,Upper Castlecliff Shellbed,8,39S 55.066,174E 57.383,,,,,,,,"Upper castlecliff shellbed sandy base, GPS # 8, Seabourne site14",,,,,,,,,,,,
WABO I,9.6,Nukumaru Brown Sand,58,39S 49.704,175E 08.773,,,,,,,,GPS 58 ,,,,,,,,,,,,
WABO I,9.7,Nukumaru Brown Sand,,,,,,,,,,,mid upper Nukumaru brown sand,,,,,,,,,,,,
WABO I,9.8,Nukumaru Limestone,52,39S 51.946,174E 45.603,13/01/2014,,PDT,,,,,Waimu Beach (with samples 33-52),,,,,,,,,,,,
WABO I,9.9,Nukumaru Limestone,,,,?,,PDT,,,,,Nukumaru Beach (or top most NKLS),,,,,,,,,,,,
WABO I,9.10,Nukumaru Limestone,,,,?,,PDT,,,,,Nukumaru Beach ,,,,,,,,,,,,
WABO I,9.11,Nukumaru Limestone,,,,17/01/2014,,PDT,,,,,Waimu Beach ,,,,,,,,,,,,
WABO I,9.12,Nukumaru Limestone,,,,17/01/2014,,PDT,,,,,Waimu Beach ,,,,,,,,,,,,
WABO I,9.13,Nukumaru Limestone,,,,17/01/2014,,PDT,,,,,Waimu Beach ,,,,,,,,,,,,
WABO I,9.14,Nukumaru Limestone,52,39S 51.946,174E 45.603,13/01/2014,,PDT,,,,,Waimu Beach (with samples 33-52),,,,,,,,,,,,
WABO I,9.15,Nukumaru Limestone,52,39S 51.946,174E 45.603,13/01/2014,,PDT,,,,,Waimu Beach (with samples 33-52),,,,,,,,,,,,
WABO I,9.16,Nukumaru Limestone,52,39S 51.946,174E 45.603,13/01/2014,,PDT,,,,,Waimu Beach (with samples 33-52),,,,,,,,,,,,
WABO I,9.17,Nukumaru Limestone,,,,17/01/2014,,PDT,,,,,Waimu Beach ,,,,,,,,,,,,
WABO I,9.18,Nukumaru Limestone,,,,17/01/2014,,PDT,,,,,Waimu Beach ,,,,,,,,,,,,
WABO I,9.19,Nukumaru Limestone,,,,19/01/2014,,SR,,,,,Nukumaru Beach ,,,,,,,,,,,,
WABO I,9.20,Nukumaru Limestone,30,39S 49.699,174E 52.916,?,,PDT,,,,,Close to GPS 30,,,,,,,,,,,,
WABO I,9.21,Nukumaru Limestone,,,,?,,DPG,,,,,Nukumaru Beach,,,,,,,,,,,,
WABO I,9.22,Nukumaru Limestone,,,,?,,DPG,,,,,undifferentiated Nukumaru at Nukumaru Beach,,,,,,,,,,,,
WABO I,9.23,Nukumaru Brown Sand,,,,19/1/14,,?,,,,,,,,,,,,,,,,,
WABO I,9.24,Nukumaru Brown Sand,57,39S 49.739,175E 08.297,?,,? SR,,,,,GPS 57,,,,,,,,,,,,
WABO I,9.25,Nukumaru Brown Sand,31,39S 51.456,174E 47.197,?,,PDT,,,,,GPS 31-32,,,,,,,,,,,,
WABO I,9.26,Nukumaru Brown Sand,,,,?,,DPG,,,,,Nukumaru Beach,,,,,,,,,,,,
WABO I,9.27,Lower Castlecliff Shellbed,53,39S 54.285,174E 56.253,?,,PDT,,,,,Lwr Castelcliff SB GPS 53,,,,,,,,,,,,
WABO I,9.28,Lower Castlecliff Shellbed,18,39S 54.271,174E 56.225,?,,PDT,,,,,Lwr Castelcliff SB GPS 18,,,,,,,,,,,,
WABO I,9.29,Lower Castlecliff Shellbed,53,39S 54.285,174E 56.253,?,,PDT,,,,,Lwr Castelcliff SB GPS 53,,,,,,,,,,,,
WABO I,9.30,Tainui Shellbed,,,,17/1/2014,,?,,,,,Shakespeare Cliff locality,,,,,,,,,,,,
WABO I,9.31,Shakespeare Cliff Basal Sand Shellbed,6,39S 55.061,174E 57.347,?,,?,,,,,GPS 6 (the Buttress),,,,,,,,,,,,
WABO I,9.32,Shakespeare Cliff Basal Sand Shellbed,9,39S 55.084,174E 57.407,?,,?,,,,,GPS 9,,,,,,,,,,,,
WABO I,9.33,Shakespeare Cliff Basal Sand Shellbed,13,39S 55.104,174E 57.422,?,,?,,,,,GPS 13,,,,,,,,,,,,
WABO I,9.34,Shakespeare Cliff Basal Sand Shellbed,17,39S 54.909,174E 57.177,?,,?,,,,,GPS 17,,,,,,,,,,,,
WABO I,9.35,Upper Castlecliff Shellbed,3,39S 54.253,174E 56.199,?,,?,,,,,between GPS 3 and 4,,,,,,,,,,,,
WABO I,9.36,Upper Castlecliff Shellbed,,,,?,,?,,,,,E of Butress,,,,,,,,,,,,
WABO I,9.37,Lower Kai-iwi Shellbed,,,,?,,PDT,,,,,,,,,,,,,,,,,
WABO I,9.38,Upper Kai-iwi Shellbed,,,,18/1/2014,,PDT,,,,,,,,,,,,,,,,,
WABO I,9.39,Upper Kai-iwi Shellbed,,,,18/1/2014,,PDT,,,,,,,,,,,,,,,,,
WABO I,9.40,Upper Kai-iwi Shellbed,,,,18/1/2014,,PDT,,,,,,,,,,,,,,,,,
WABO I,9.41,Upper Kai-iwi Shellbed,,,,18/1/2014,,PDT,,,,,,,,,,,,,,,,,
WABO I,9.42,Upper Kai-iwi Shellbed,,,,18/1/2014,,PDT,,,,,,,,,,,,,,,,,
WABO I,9.43,Upper Kai-iwi Shellbed,,,,18/1/2014,,PDT,,,,,,,,,,,,,,,,,
WABO I,9.44,Upper Kai-iwi Shellbed,,,,19/1/2014,,PDT,,,,,,,,,,,,,,,,,
WABO II,115B,Nukumaru Brown Sand,81,,,19/01/2014,,"SR, LLH, KV",,30,14,0.467,Close to top of Brown Sand. Treacherous,,20/2/2014,LHL,,7,5,2,,,,,
WABO II,9.44,Upper Kai-iwi Shellbed,,,,19/1/2014,,PDT,,,,,,,,,,,,,,,,,
WABO II,116B,Landguard Formation,3,39S 57.410,175E 01.621,27/2/2017,PM,Full Crew,,,,,,,,,,,,,"SR, LLH,KV,PDT, EDM, AB,EE,JB, ",,,Mali: no Antarctothoa,
WABO II,117B,Landguard Formation,3,39S 57.410,175E 01.621,27/2/2017,PM,Full Crew,,,,,,,,,,,,,,,,"Mali: 1, 20, 21, 34, 43, 44, 46 (checked)",
WABO II,118,Landguard Formation,3,39S 57.410,175E 01.621,27/2/2017,PM,Full Crew,,,,,,,,,,,,,,,,"Mali: Antarctothoa in shells: 1, 4, 5, 6, 7, 10, 11, 12, 15, 18, 19, 27 (checked) ",
WABO II,119,Landguard Formation,3,39S 57.410,175E 01.621,27/2/2017,PM,Full Crew,,,,,,,,,,,,,,,,"Mali: Antarctothoa in shells 3, 4, 9, 15, 16, 17, 20, 21 and 29 (checked)",
WABO II,120,Landguard Formation,3,39S 57.410,175E 01.621,27/2/2017,PM,Full Crew,,,,,,,,,,,,,,,,"Mainly cyclostomes, 1-2 interactions (2 boxes, 20 shells)",
WABO II,121,Landguard Formation,3,39S 57.410,175E 01.621,27/2/2017,PM,Full Crew,,,,,,,,,,,,,,,,"Mali: Antarctothoa in shells 2, 3, 5, 7 and 8 (checked)",
WABO II,122,Nukumaru Limestone,NA,39S 51.695,174E 46.737,28/2/2017,11:45,"EE, JB",,,,,,,,,,,,,"""Fishing Rock"", Alan's Entry",,,,
WABO II,123,Nukumaru Limestone,NA,39S 51.698,174E 46.735,28/2/2017,12:05,"EE, JB",,,,,,,,,,,,,"""Fishing Rock"", Alan's Entry",,,,
WABO II,124,Nukumaru Limestone,NA,39S 51.687,174E 46.740,28/2/2017,11:25,"LHL, CRS",,,,,,,,,,,,,"""Fishing Rock"", Alan's Entry",,,,
WABO II,125,Nukumaru Limestone,NA,39S 51.529,174E 46.942,28/2/2017,PM,"EE, JB",,,,,,,,,,,,,Nukumaru Beach,,,,
WABO II,126,Nukumaru Limestone,NA,39S 51.561,174E 46.880,28/2/2017,PM,"EE, JB",,,,,,,,,,,,,"Nukumaru Beach (""Sunny View"")",,,,
WABO II,127,Nukumaru Limestone,NA,39S 51.555,174E 46.876,28/2/2017,02:15,"KLV, CS",,,,,,,,,,,,,Nukumaru Beach,,,,
WABO II,128,Nukumaru Limestone,NA,39S 51.546,174E 46.918,28/2/2017,02:40,"KLV, CS",,,,,,,,,,,,,Nukumaru Beach,,,,
WABO II,129,Nukumaru Limestone,NA,39S 51.691,174E 46.748,28/2/2017,11:05,"LHL, CS",,,,,,,,,,,,,"""Fishing Rock"", Alan's Entry",,,,
WABO II,9.45,Nukumaru Limestone,NA,39S 51.691,174E 46.748,28/2/2017,12:00,EDM,,,,,,,,,,,,,"""Fishing Rock"", Alan's Entry",,,,
WABO II,9.46,Nukumaru Limestone,NA,39S 51.561,174E 46.880,28/2/2017,02:20,SR,,,,,,,,,,,,,Nukumaru Beach,,,,
WABO II,9.47,Nukumaru Limestone,NA,39S 51.561,174E 46.880,28/2/2017,PM,PDT,,,,,,,,,,,,,Nukumaru Beach,,,,
WABO II,9.48,Nukumaru Limestone,NA,39S 51.691,174E 46.748,28/2/2017,12:00,EDM,,,,,,,,,,,,,"""Fishing Rock"", Alan's Entry",,,,
WABO II,9.49,Nukumaru Limestone,NA,39S 51.555,174E 46.876,28/2/2017,03:00,EDM,,,,,,,,,,,,,Nukumaru Beach,,,,
WABO II,130,Nukumaru Limestone,NA,39S 51.691,174E 46.748,28/2/2017,12:00,ALL,,,,,,,,,,,,,"""Fishing Rock"", Alan's Entry",,,,
WABO II,131,Nukumaru Limestone,NA,39S 51.691,174E 46.748,28/2/2017,12:00,EDM,,,,,,,,,,,,,"""Fishing Rock"", Alan's Entry",,,,
WABO II,132,Nukumaru Brown Sand,NA,39S 51.454,174E 47.199,28/2/2017,05:10,LHL,,,,,,,,,,,,,Nukumaru Beach,,,,
WABO II,133,Nukumaru Brown Sand,NA,39S 51.415,174E 47.117,28/2/2017,04:15,LHL,,,,,,,,,,,,,Nukumaru Beach,,,,
WABO II,134,Nukumaru Brown Sand,NA,39S 51.474,174E 47.088,28/2/2017,PM,"EE, JB",,,,,,,,,,,,,"Nukumaru Beach ""stuggleside""",,,,
WABO II,135,Nukumaru Brown Sand,NA,39S 51.472,174E 47.108,28/2/2017,03:30,"SR, LHL",,,,,,,,,,,,,Nukumaru Beach,,,,
WABO II,136,Nukumaru Brown Sand,NA,39S 51.482,174E 47.074,28/2/2017,03:10,"SR, KV",,,,,,,,,,,,,Nukumaru Beach,,,,
WABO II,137,Nukumaru Brown Sand,NA,39S 51.465,174E 47.152,28/2/2017,PM,"SR, CS",,,,,,,,,,,,,Nukumaru Beach,,,,
WABO II,9.50,Nukumaru Brown Sand,NA,39S 51.472,174E 47.109,28/2/2017,PM,SR,,,,,,,,,,,,,Nukumaru Beach,,,,
WABO II,9.51,Nukumaru Brown Sand,NA,39S 51.482,174E 47.064,28/2/2017,04:00,"EDM, PDT",,,,,,,,,,,,,Nukumaru Beach,,,,
WABO II,9.52,Nukumaru Brown Sand,NA,39S 51.482,174E 47.064,28/2/2017,05:00,ALL,,,,,,,,,,,,,Nukumaru Beach,,,,
WABO II,138,Nukumaru Brown Sand,NA,39S 51.482,174E 47.064,28/2/2017,PM,"KLV, LHL, SR",,,,,,,,,,,,,Nukumaru Beach,,,,
WABO II,139,Nukumaru Brown Sand,NA,39S 51.482,174E 47.064,28/2/2017,PM,"KLV, LHL, SR, EDM",,,,,,,,,,,,,Nukumaru Beach,,,,
WABO II,9.53,Butler's Shell Conglomerate,NA,39S 52.071,174E 50.310,03/01/2017,AM,All,,,,,,,,,,,,,Ototoka Beach,,,Mali diversity and interactions,
WABO II,9.54,Butler's Shell Conglomerate,NA,39S 52.071,174E 50.310,03/01/2017,AM,All,,,,,,,,,,,,,Ototoka Beach,,,Mali diversity and interactions,
WABO II,140,Butler's Shell Conglomerate,NA,39S 52.070,174E 50.310,03/01/2017,09:30,LHL,,,,,,,,,,,,,Ototoka Beach,,,,
WABO II,141,Butler's Shell Conglomerate,NA,39S 52.071,174E 50.310,03/01/2017,09:50,LHL,,,,,,,,,,,,,Ototoka Beach,,,,
WABO II,142,Butler's Shell Conglomerate,NA,39S 52.071,174E 50.310,03/01/2017,10:00,LHL,,,,,,,,,,,,,Ototoka Beach,,,,
WABO II,143,Butler's Shell Conglomerate,NA,39S 51.938,174E 49.906,03/01/2017,10:35,KLV,,,,,,,,,,,,,Ototoka Beach,,,,
WABO II,144,Butler's Shell Conglomerate,NA,39S 51.947,174E 49.915,03/01/2017,10:40,"SR, JB",,,,,,,,,,,,,Ototoka Beach,,,,
WABO II,145,Nukumaru Limestone,NA,39S 51.916,174E 45.075,03/01/2017,PM,JB,,,,,,,,,,,,,Waiinu Beach,,,,
WABO II,146,Nukumaru Limestone,NA,39S 51.924,174E 45.078,03/01/2017,01:00,LHL,,,,,,,,,,,,,Waiinu Beach,2 Steginoporella associated with this number,,,
WABO II,147,Nukumaru Limestone,NA,39S 51.928,174E 45.099,03/01/2017,PM,"EE, CS",,,,,,,,,,,,,Waiinu Beach,,,,
WABO II,148,Nukumaru Limestone,NA,39S 51.948,174E 45.606,03/01/2017,02:10,"EE, CS",,,,,,,,,,,,,Waiinu Beach,,,,
WABO II,149,Nukumaru Limestone,NA,39S 51.942,174E 45.607,03/01/2017,02:15,JB,,,,,,,,,,,,,Waiinu Beach,,,,
WABO II,150,Nukumaru Limestone,NA,39S 51.962,174E 45.661,03/01/2017,03:25,"LHL, EE",,,,,,,,,,,,,Waiinu Beach,,,,
WABO II,151,Nukumaru Limestone,NA,39S 51.960,174E 45.709,03/01/2017,03:45,"LHL, EE",,,,,,,,,,,,,Waiinu Beach,,,,
WABO II,152,Nukumaru Limestone,NA,39S 51.956,174E 45.759,03/01/2017,03:55,"LHL, EE",,,,,,,,,,,,,Waiinu Beach,,,,
WABO II,153,Nukumaru Limestone,NA,39S 51.951,174E 44.792,03/01/2017,04:10,"LHL, EE",,,,,,,,,,,,,Waiinu Beach,,,,
WABO II,154,Nukumaru Limestone,NA,39S 51.947,174E 45.613,03/01/2017,02:15,LHL,,,,,,,,,,,,,Waiinu Beach,,,,
WABO II,9.55,Nukumaru Limestone,NA,39S 51.948,174E 45.606,03/01/2017,PM,LHL,,,,,,,,,,,,,Waiinu Beach,,,,
WABO II,9.56,Nukumaru Limestone,NA,39S 51.960,174E 45.709,03/01/2017,PM,SR,,,,,,,,,,,,,Waiinu Beach,,,,
WABO II,9.57,Nukumaru Limestone,NA,39S 51.948,174E 45.606,03/01/2017,03:00,"EE, JB",,,,,,,,,,,,,Waiinu Beach,,,,
WABO II,9.58,Nukumaru Limestone,NA,39S 51.960,174E 45.709,03/01/2017,04:30,PDT,,,,,,,,,,,,,Waiinu Beach,,,,
WABO II,9.59,Nukumaru Limestone,NA,39S 51.954,174E 45.650,03/01/2017,04:45,EDM,,,,,,,,,,,,,Waiinu Beach,,,,
WABO II,9.60,Nukumaru Limestone,NA,39S 51.948,174E 45.606,03/01/2017,04:00,PDT,,,,,,,,,,,,,Waiinu Beach,,,,
WABO II,9.61,Nukumaru Limestone,NA,39S 51.960,174E 45.709,03/01/2017,04:30,"PDT, AB, CS",,,,,,,,,,,,,Waiinu Beach,,,,
WABO II,9.62,Nukumaru Limestone,NA,39S 51.948,174E 45.606,03/01/2017,PM,SR,,,,,,,,,,,,,Waiinu Beach,,,,
WABO II,9.63,Nukumaru Limestone,NA,39S 51.948,174E 45.606,03/01/2017,03:00,PDT,,,,,,,,,,,,,Waiinu Beach,,,,
WABO II,9.64,Nukumaru Limestone,NA,39S 51.924,174E 45.078,03/01/2017,01:00,EDM,,,,,,,,,,,,,Waiinu Beach,,,,
WABO II,9.65,Nukumaru Limestone,NA,39S 51.948,174E 45.606,03/01/2017,03:00,"EDM, JB",,,,,,,,,,,,,Castlecliff Beach (waterfall),,,,
WABO II,155,Shakespeare Cliff Sand Basal Shellbed,NA,39S 55.070,174E 47.383,03/02/2017,08:30,"LHL, JB, EDM",,,,,,,,,,,,,Castlecliff Beach (waterfall),,,,
WABO II,156,Shakespeare Cliff Sand Basal Shellbed,NA,39S 55.073,174E 57.387,03/02/2017,08:45,"LHL, JB",check yellow cell (otherwise of waterfal)l,,,,,,,,,,,,Castlecliff Beach (waterfall),,,,
WABO II,157,Shakespeare Cliff Sand Basal Shellbed,NA,39S 55.070,174E 47.383,03/02/2017,08:40,"SR, CS",,,,,,,,,,,,,Castlecliff Beach (waterfall),,,,
WABO II,158,Tainui Shellbed,NA,39S 55.075,174E 57.377,03/02/2017,09:05,"LHL, EDM",,,,,,,,,,,,,Castlecliff Beach (waterfall),,,,
WABO II,159,Tainui Shellbed,NA,39S 55.076,174E 57.376,03/02/2017,09:15,LHL,,,,,,,,,,,,,Castlecliff Beach (waterfall),,,,
WABO II,160,Upper Castlecliff Shellbed,NA,39S 55.079,174E 57.399,03/02/2017,09:45,"SR, EE, JB, CS",,,,,,,,,,,,,Castlecliff Beach (above waterfall),,,,
WABO II,161,Upper Castlecliff Shellbed,NA,39S 55.079,174E 57.397,03/02/2017,09:45,"SR, EE, JB, CS",,,,,,,,,,,,,Castlecliff Beach (above waterfall),,,,
WABO II,9.66,Upper Castlecliff Shellbed,NA,39S 55.079,174E 57.397,03/02/2017,09:45,"EDM, LHL",,,,,,,,,,,,,Castlecliff Beach (above waterfall),,,"Low diversity, one colony (usually small) per shell, some shells totally empty. No interactions. One erecto cyclo #10. (10 shells)",
WABO II,9.67,Upper Castlecliff Shellbed,NA,39S 55.079,174E 57.399,03/02/2017,09:45,"SR, EE, JB, CS",,,,,,,,,,,,,Castlecliff Beach (above waterfall),,,A single shell with several colonies interacting.,
WABO II,9.68,Shakespeare Cliff Sand Basal Shellbed,NA,39S 55.070,174E 57.383,03/02/2017,09:30,"EDM, LHL",,,,,,,,,,,,,Castlecliff Beach (waterfall),,,,
WABO II,9.69,Shakespeare Cliff Sand Basal Shellbed,NA,39S 55.070,174E 57.383,03/02/2017,AM,"SR, AB, EE",,,,,,,,,,,,,Castlecliff Beach (waterfall),,,"Very few interactions, most common species are 'simple' anascans and Calyptotheca, very few Microporella (58 shells in 2 boxes)",
WABO II,9.70,Denby Shellbed,NA,39S 37.552,174E 17.87,03/02/2017,02:45,All,,,,,,,,,,,,,Rifle Range Road (rotary club),mostly Pliocene concretions filled with Pleistocene bryozoans,,,
WABO II,9.71,Denby Shellbed,NA,39S 37.552,174E 17.87,03/02/2017,02:45,All,,,,,,,,,,,,,Rifle Range Road (rotary club),mostly Pliocene concretions filled with Pleistocene bryozoans,,,
WABO II,161,Denby Shellbed,NA,39S 36.354,174E 14.503,03/02/2017,05:15,"LHL, EE",,,,,,,,,,,,,Denby Road Where Dennis and Paul had been in 1988,,,,
WABO II,162,Denby Shellbed,NA,39S 36.354,174E 14.503,03/02/2017,PM,"CRS, JB",,,,,,,,,,,,,Denby Road Where Dennis and Paul had been in 1988,,,,
WABO II,163,Denby Shellbed,NA,39S 36.354,174E 14.503,03/02/2017,PM,EDM,,,,,,,,,,,,,Denby Road Where Dennis and Paul had been in 1988,,,,
WABO II,164,Denby Shellbed,NA,39S 36.354,174E 14.503,03/02/2017,PM,KLV,,,,,,,,,,,,,Denby Road Where Dennis and Paul had been in 1988,,,,
WABO II,9.72,Denby Shellbed,NA,39S 36.354,174E 14.503,03/02/2017,PM,ALL,,,,,,,,,,,,,Denby Road Where Dennis and Paul had been in 1988,,,,
WABO II,9.74,Denby Shellbed,NA,39S 37.552,174E 17.87,03/02/2017,02:45,All,,,,,,,,,,,,,Rifle Range Road (rotary club),Washed out from above Tangahoe Fmn,,,
WABO II,9.75,Nukumaru Limestone,NA,39S 51.690,174E 46.733,03/03/2017,03:35,"EDM,KLV,EE,JB,CS",,,,,,,,,,,,,"""Fishing Rock"", Alan's Entry",,,,
WABO II,9.76,Nukumaru Brown Sand,NA,39S 51.457,174E 47.307,03/03/2017,01:00,"EDM,KLV,EE,JB,CS",,,,,,,,,,,,,Nukumaru Beach,,,12 shells,
WABO II,9.77,Nukumaru Brown Sand,NA,39S 51.457,174E 47.307,03/03/2017,10:40,"EDM,KLV,EE,JB,CS",,,,,,,,,,,,,Nukumaru Beach,,,13 shells,
WABO II,9.78,Nukumaru Brown Sand,NA,39S 51.457,174E 47.307,03/03/2017,01:00,"EDM,KLV,EE,JB,CS",,,,,,,,,,,,,Nukumaru Beach,,,"Some interactions, some Microporella, nice cyclostomes (31 shells)",
WABO II,9.79,Nukumaru Brown Sand,NA,39S 51.457,174E 47.307,03/03/2017,10:40,"EDM,KLV,EE,JB,CS",,,,,,,,,,,,,Nukumaru Beach,,,,
WABO II,9.80,Nukumaru Brown Sand,NA,39S 51.457,174E 47.307,03/03/2017,01:00,"EDM,KLV,EE,JB,CS",,,,,,,,,,,,,Nukumaru Beach,,,,
WABO II,165,Nukumaru Brown Sand,Low,39S 51.452,174E 47.213,03/03/2017,09:20,"CS, EE",,,,,,,,,,,,,Nukumaru Beach,,,,
WABO II,166,Nukumaru Brown Sand,High,39S 51.452,174E 47.213,03/03/2017,09:20,"CS, EE",,,,,,,,,,,,,Nukumaru Beach,,,,
WABO II,167,Nukumaru Brown Sand,Low,39S 51.455,174E 47.244,03/03/2017,09:50,"CS, EE",,,,,,,,,,,,,Nukumaru Beach,,,,
WABO II,168,Nukumaru Brown Sand,High,39S 51.455,174E 47.244,03/03/2017,09:50,"CS, EE",,,,,,,,,,,,,Nukumaru Beach,,,,
WABO II,169,Nukumaru Brown Sand,Low,39S 51.454,174E 47.259,03/03/2017,10:20,"CS, EE",,,,,,,,,,,,,Nukumaru Beach,,,,
WABO II,170,Nukumaru Brown Sand,High,39S 51.454,174E 47.259,03/03/2017,10:20,"CS, EE",,,,,,,,,,,,,Nukumaru Beach,,,,
WABO II,171,Nukumaru Brown Sand,NA,39S 51.458,174E 47.289,03/03/2017,11:15,JB,,,,,,,,,,,,,Nukumaru Beach,,,,
WABO II,172,Nukumaru Brown Sand,NA,39S 51.459,174E 47.293,03/03/2017,11:45,KLV,,,,,,,,,,,,,Nukumaru Beach,,,,
WABO II,173,Nukumaru Brown Sand,NA,39S 51.457,174E 47.307,03/03/2017,12:00,"KLV, JB",,,,,,,,,,,,,Nukumaru Beach,,,,
WABO II,174,Nukumaru Brown Sand,Low,39S 51.458,174E 47.339,03/03/2017,01:00,"JB, CS, EDM",,,,,,,,,,,,,Nukumaru Beach,,,,
WABO II,175,Nukumaru Brown Sand,High,39S 51.458,174E 47.339,03/03/2017,01:00,"JB, CS, EDM",,,,,,,,,,,,,Nukumaru Beach,,,,
WABO II,176,Nukumaru Brown Sand,NA,39S 51.463,174E 47.366,03/03/2017,01:00,EDM,,,,,,,,,,,,,Nukumaru Beach,,,,
WABO II,177,Nukumaru Brown Sand,NA,39S 51.463,174E 47.368,03/03/2017,01:20,EDM,,,,,,,,,,,,,Nukumaru Beach,,,,
WABO II,178,Nukumaru Brown Sand,NA,39S 51.457,174E 47.298,03/03/2017,01:30,"EDM, EE",,,,,,,,,,,,,Nukumaru Beach,,,,
WABO II,179,Nukumaru Brown Sand,NA,39S 51.454,174E 47.247,03/03/2017,01:50,"EDM, EE",,,,,,,,,,,,,Nukumaru Beach,,,,
WABO II,9.81,Nukumaru Limestone,NA,39S 51.690,174E 46.733,03/03/2017,03:55,"EDM,KLV,EE,JB,CS",,,,,,,,,,,,,"""Fishing Rock"", Alan's Entry",,,,
WABO II,9.82,Nukumaru Brown Sand,NA,39S 51.460,174E 47.223,03/03/2017,01:00,"EDM,KLV,EE,JB,CS",,,,,,,,,,,,,Nukumaru Beach,,,,
WABO II,9.83,Nukumaru Brown Sand,NA,39S 51.460,174E 47.223,03/03/2017,01:00,"EDM,KLV,EE,JB,CS",,,,,,,,,,,,,Nukumaru Beach,,,,
WABO II,9.84,Nukumaru Brown Sand,NA,39S 51.460,174E 47.223,03/03/2017,01:00,"EDM,KLV,EE,JB,CS",,,,,,,,,,,,,Nukumaru Beach,,,,
WABO II,9.85,Nukumaru Limestone,NA,See,See,03/03/2017,01:00,"EDM,KLV,EE,JB,CS",,,,,,,,,,,,,Nukumaru Beach,,,,
WABO II,180,Kaikokopu ShellGrit,NA,39S 58.486,175E 18.366,03/03/2017,09:10,"SR, AB, LHL",,,,,,,,,,,,,Turakina Valley Road ,,,,
WABO II,9.86,Kaikokopu ShellGrit,NA,39S 58.486,175E 18.366,03/03/2017,09:10,PDT,,,,,,,,,,,,,Turakina Valley Road ,,,,
WABO II,9.87,Hautawa Shellbed,NA,39S 50.439,175E 33.115,03/03/2017,12:00,SR,,,,,,,,,,,,,Otiwhiri Station,,,,
WABO II,9.88,Hautawa Shellbed,NA,39S 50.439,175E 33.115,03/03/2017,12:00,PDT,,,,,,,,,,,,,Otiwhiri Station,,,,
WABO II,181,Hautawa Shellbed,NA,39S 50.442,175E 33.119,03/03/2017,12:15,LHL,,,,,,,,,,,,,Otiwhiri Station,,,,
WABO II,182,Hautawa Shellbed,NA,39S 50.439,175E 33.115,03/03/2017,12:30,LHL,,,,,,,,,,,,,Otiwhiri Station,,,,
WABO II,9.89,Waipuru Shellbed,NA,39S 54.530,175E 32.707,03/03/2017,14:10,"PDT, SR, AB, LHL",,,,,,,,,,,,,Ongo Road 3 km NW of Hunterville,,,,
WABO II,183,Waipuru Shellbed,NA,39S 54.530,175E 32.707,03/03/2017,14:20,LHL,,,,,,,,,,,,,Ongo Road 3 km NW of Hunterville,,,,
WABO II,184,Waipuru Shellbed,NA,39S 54.530,175E 32.707,03/03/2017,14:20,"LHL, AB, SR",,,,,,,,,,,,,Ongo Road 3 km NW of Hunterville,,,,
WABO II,9.90,Hautawa Shellbed,NA,39S 50.541,175E 36.358,03/03/2017,04:00,"PDT, SR, LH, AB",,,,,,,,,,,,,Alan's location End of West Road,,,,
WABO II,185,Hautawa Shellbed,NA,39S 50.541,175E 36.358,03/03/2017,04:15,LHL,,,,,,,,,,,,,Alan's location End of West Road,,,,
WABO II,186,Hautawa Shellbed,NA,39S 50.541,175E 36.358,03/03/2017,04:30,LHL,,,,,,,,,,,,,Alan's location End of West Road,,,,
WABO II,238,Hautawa Shellbed,NA,39S 50.541,175E 36.358,03/03/2017,TBS,,,,,,,,,,,,,,Alan's location End of West Road,,,,
WABO II,9.91,NA,NA,NA,NA,NA,NA,nothing left from sample 187 now renumbered 238,,,,,,,,,,,,,NA,,,,
WABO II,187,Okehu Shell Grit,NA,39S 52.642,174E 52.642,03/04/2017,TBS,All,,,,,,,,,,,,,Kai-Iwi Beach (Solfrid et al),,,,
WABO II,188,Okehu Shell Grit,NA,39S 52.644,174E 52.666,03/04/2017,TBS (9:20),All,,,,,,,,,,,,,Kai-Iwi Beach (Solfrid et al),,,,
WABO II,189,Okehu Shell Grit,NA,39S 52.645,E174 52.666,03/04/2017,TBS (9:25),All,,,,,,,,,,,,,Kai-Iwi Beach (Solfrid et al),,,,
WABO II,190,Okehu Shell Grit,NA,39S 52.643,174E 52.675,03/04/2017,TBS,All,,,,,,,,,,,,,Kai-Iwi Beach (Solfrid et al),,,,
WABO II,191,Okehu Shell Grit,NA,39S 52.641,174E 52.682,03/04/2017,TBS,All,,,,,,,,,,,,,Kai-Iwi Beach (Solfrid et al),,,,
WABO II,9.92,Okehu Shell Grit,NA,39S 52.642,174E 52.642,03/04/2017,,from ECO sample 187,,,,,,,,,,,,,Kai-Iwi Beach (Solfrid et al),,,Mali diversity and interactions,
WABO II,9.93,Okehu Shell Grit,NA,39S 52.644,174E 52.666,03/04/2017,,from ECO sample 188,,,,,,,,,,,,,Kai-Iwi Beach (Fallen block),,,Mali diversity and interactions,
WABO II,9.94,Okehu Shell Grit,NA,39S 52.641,174E 52.682,03/04/2017,,from ECO sample 191,,,,,,,,,,,,,Kai-Iwi Beach (Solfrid et al),,,Mali diversity and interactions,
WABO II,192,Lower Kai-iwi Shellbed,NA,S39 52.710,174E 52.806,03/04/2017,TBS,SR,(fallen block),,,,,,,,,,,,Kai-Iwi Beach (Solfrid et al),,,,
WABO II,193,Lower Kai-iwi Shellbed,NA,S39 52.886,174E 53.322,03/04/2017,,KLV,ECO2 (in place),,,,,,,,,,,,Kai-iwi Beach,,,,
WABO II,194,Lower Kai-iwi Shellbed,NA,S39 52.885,174E 53.328,03/04/2017,,SR,ECO3 (in place),,,,,,,,,,,,Kai-iwi Beach,,,,
WABO II,195,Lower Kai-iwi Shellbed,NA,S39 52.952,174E 53.519,03/04/2017,,JB,ECO4 (in place),,,,,,,,,,,,Kai-iwi Beach,,,,
WABO II,9.96,Lower Kai-iwi Shellbed,NA,S39 52.710,174E 52.806,03/04/2017,,ALL,,,,,,,,,,,,,Kai-iwi Beach,,,,
WABO II,9.97,Lower Kai-iwi Shellbed,NA,S39 52.952,174E 53.519,03/04/2017,11:40,"EDM, LHL",,,,,,,,,,,,,Kai-iwi Beach,,,,
WABO II,9.98,Lower Kai-iwi Shellbed,NA,S39 52.952,174E 53.519,03/04/2017,,SR,,,,,,,,,,,,,Kai-iwi Beach,,,,
WABO II,9.99,Lower Kai-iwi Shellbed,NA,S39 52.886,174E 53.322,03/04/2017,,PDT bag plus All,,,,,,,,,,,,,Kai-iwi Beach,,,,
WABO II,9.100,Lower Kai-iwi Shellbed,NA,S39 52.957,174E 53.519,03/04/2017,,block!,,,,,,,,,,,,,Kai-iwi Beach,,,,
WABO II,9.101,Tainui Shellbed,NA,S39 55.867,175E 03.624,03/04/2017,PM,KLV et al,,,,,,,,,,,,,About 100-200 m from Kowhai Park along Anzac Pde,,,,
WABO II,196,Tainui Shellbed,NA,S39 55.867,175E 03.624,03/04/2017,PM,KLV et al,,,,,,,,,,,,,About 100-200 m from Kowhai Park along Anzac Pde,,,,
WABO II,9.102,Tainui Shellbed,NA,S39 54.477,174E 56.591,03/05/2017,09:20,LHL,,,,,,,,,,,,,"Castlecliff Beach Tainui SB fallen rocks at ""lower"" position",,,,
WABO II,9.103,Shakespeare Cliff Sand Basal Shellbed,NA,S39 54.471,174E 56.613,03/05/2017,09:00,"LHL, KLV",,,,,,,,,,,,,"Castle cliff Beach Tainui SB fallen rocks at ""higher"" position",,,"Mali: 6, 9, 10, 11 (to check yet)",
WABO II,197,Shakespeare Cliff Sand Basal Shellbed,NA,S39 54.471,174E 56.613,03/05/2017,09:00,LHL,,,,,,,,,,,,,"Castle cliff Beach Tainui SB fallen rocks at ""higher"" position",,,,
WABO II,198,Tainui Shellbed,NA,S39 54.477,174E 56.591,03/05/2017,AM,"EE, CS",,,,,,,,,,,,,"Castlecliff Beach Tainui SB fallen rocks at ""lower"" position",,,,
WABO II,199,Tainui Shellbed,NA,S39 54.477,174E 56.591,03/05/2017,AM,"EE, CS",,,,,,,,,,,,,"Castlecliff Beach Tainui SB fallen rocks at ""lower"" position",,,,
WABO II,200,Tainui Shellbed,NA,S39 54.471,174E 56.613,03/05/2017,11:35,LHL,,,,,,,,,,,,,"Castle cliff Beach Tainui SB fallen rocks at ""higher"" position",,,,
WABO II,201,Tainui Shellbed,NA,S39 54.471,174E 56.613,03/05/2017,11:35,LHL,,,,,,,,,,,,,"Castle cliff Beach Tainui SB fallen rocks at ""higher"" position",,,,
WABO II,9.104,Tainui Shellbed,NA,S39 54.477,174E 56.591,03/05/2017,09:30,ALL,,,,,,,,,,,,,"Castlecliff Beach Tainui SB fallen rocks at ""lower"" position",,,Mali diversity and interactions,
WABO II,9.105,Tainui Shellbed,NA,S39 54.477,174E 56.591,03/05/2017,11:35,EDM,,,,,,,,,,,,,Castlecliff Beach Taunui SB fallen rocks,,,,
WABO II,9.106,Tainui Shellbed,NA,S39 54.477,174E 56.591,03/05/2017,AM,All,,,,,,,,,,,,,Castlecliff Beach Taunui SB fallen rocks,,,,
WABO II,9.107,Tainui Shellbed,NA,S39 54.471,174E 56.613,03/05/2017,AM,LHL + KLV,,,,,,,,,,,,,"Castle cliff Beach Tainui SB fallen rocks at ""higher"" position",,,,
WABO II,9.108,Tainui Shellbed,NA,S39 54.471,174E 56.613,03/05/2017,AM,PDT,,,,,,,,,,,,,Castlecliff Beach Taunui SB fallen rocks,,,,
WABO II,9.109,Tainui Shellbed,NA,S39 54.471,174E 56.613,03/05/2017,AM,LHL,,,,,,,,,,,,,"Castle cliff Beach Tainui SB fallen rocks at ""higher"" position",,,,
WABO II,9.110,Tainui Shellbed,NA,S39 54.471,174E 56.613,03/05/2017,AM,SR,,,,,,,,,,,,,Castlecliff Beach Taunui SB fallen rocks,,,,
WABO II,9.111,Tainui Shellbed,NA,S39 54.471,174E 56.613,03/05/2017,AM,SR+PDT,,,,,,,,,,,,,Castlecliff Beach Taunui SB fallen rocks,,,,
WABO II,9.112,Tainui Shellbed,NA,S39 54.783,174E 57.009,03/05/2017,AM,"SR, KLV, EE, JB",,,,,,,,,,,,,Castlecliff Beach New Slip below House,,,,
WABO II,9.113,Tainui Shellbed,NA,S39 54.783,174E 57.009,03/05/2017,AM,"SR, KLV, EE, JB",,,,,,,,,,,,,Castlecliff Beach New Slip below House,,,,
WABO II,9.114,Shakespeare Cliff Sand Basal Shellbed,NA,S39 54.783,174E 57.009,03/05/2017,AM,"SR, KLV, EE, JB",,,,,,,,,,,,,Castlecliff Beach New Slip below House,,,,
WABO II,9.115,Shakespeare Cliff Sand Basal Shellbed,NA,S39 54.783,174E 57.009,03/05/2017,AM,"SR, KLV, EE, JB",,,,,,,,,,,,,Castlecliff Beach New Slip below House,,,"Mainly Antarctothoa, a poorly preserved anascan and cyclostomes. No Microporella, very low diversity. Very few interactions mainly intraspecific among Antarctothoa colonies. (Only 1 box with 33 shells studied)",
WABO II,9.116,Shakespeare Cliff Sand Basal Shellbed,NA,S39 54.783,174E 57.009,03/05/2017,AM,"SR, KLV, EE, JB",,,,,,,,,,,,,Castlecliff Beach New Slip below House,,,,
WABO II,202,Shakespeare Cliff Sand Basal Shellbed,NA,S39 54.783,174E 57.009,03/05/2017,AM,"SR, KLV, EE, JB",,,,,,,,,,,,,Castlecliff Beach New Slip below House,,,,
WABO II,9.117,Nukumaru Brown Sand,NA,S39 51.475,174E 56.612,03/05/2017,PM,All,,,,,,,,,,,,,Nukumaru Beach,,,37 shells,
WABO II,9.118,Nukumaru Brown Sand,NA,S39 51.475,174E 56.612,03/05/2017,PM,EDM,,,,,,,,,,,,,Nukumaru Beach,,,48 shells,
WABO II,9.119,Nukumaru Brown Sand,NA,S39 51.475,174E 56.612,03/05/2017,PM,KLV,,,,,,,,,,,,,Nukumaru Beach,,,,
WABO II,203,Nukumaru Brown Sand,Low,S39 51.475,174E 56.612,03/05/2017,PM,"EE, CS",,,,,,,,,,,,,Nukumaru Beach,,,,
WABO II,204,Nukumaru Brown Sand,High,S39 51.475,174E 56.612,03/05/2017,PM,"EE, CS",,,,,,,,,,,,,Nukumaru Beach,,,,
WABO II,205,Nukumaru Brown Sand,Low,S39 51.458,174E 47.311,03/05/2017,PM,KLV,,,,,,,,,,,,,Nukumaru Beach,,,,
WABO II,206,Nukumaru Brown Sand,High,S39 51.458,174E 47.311,03/05/2017,PM,KLV,,,,,,,,,,,,,Nukumaru Beach,,,,
WABO II,207,Nukumaru Brown Sand,Low,S39 51.463,174E 47.318,03/05/2017,PM,"EE, CS",,,,,,,,,,,,,Nukumaru Beach,,,,
WABO II,208,Nukumaru Brown Sand,High,S39 51.463,174E 47.318,03/05/2017,PM,"EE, CS",,,,,,,,,,,,,Nukumaru Beach,,,,
WABO II,209,Nukumaru Brown Sand,Low,S39 51.454,174E 47.294,03/05/2017,PM,"SR, JB, THE",,,,,,,,,,,,,Nukumaru Beach,,,,
WABO II,210,Nukumaru Brown Sand,High,S39 51.454,174E 47.294,03/05/2017,PM,"SR, JB, THE",,,,,,,,,,,,,Nukumaru Beach,,,,
WABO II,211,Nukumaru Brown Sand,Low,S39 51.452,174E 47.262,03/05/2017,PM,"EE, CS, KLV",,,,,,,,,,,,,Nukumaru Beach,,,,
WABO II,212,Nukumaru Brown Sand,High,S39 51.452,174E 47.262,03/05/2017,PM,"EE, CS, KLV",,,,,,,,,,,,,Nukumaru Beach,,,,
WABO II,9.120,Nukumaru Brown Sand (uppermost),NA,S39 51.478,174E 47.708,03/05/2017,PM,"SR, JB, THE",,,,,,,,,,,,,Nukumaru Beach,,,,
WABO II,9.121,Nukumaru Brown Sand (uppermost),NA,S39 51.478,174E 47.708,03/05/2017,PM,"SR, JB, THE",,,,,,,,,,,,,Nukumaru Beach,,,,
WABO II,213,Lower Castlecliff Shellbed,NA,S39 54.267,174E 56.228,03/06/2017,08:40,"EDM, CS, JB",,,,,,,,,,,,,Castlecliff Beach Shag Rock Point,,,,
WABO II,214,Lower Castlecliff Shellbed,NA,S39 54.272,174E 56.226,03/06/2017,AM,"EDM, CS, JB",,,,,,,,,,,,,Castlecliff Beach Shag Rock Point,,,,
WABO II,215,Lower Castlecliff Shellbed,NA,S39 54.279,174E 56.243,03/06/2017,AM,"KLV, SR",,,,,,,,,,,,,Castlecliff Beach Shag Rock Point,,,,
WABO II,216,Lower Castlecliff Shellbed,NA,S39 54.283,174E 56.248,03/06/2017,AM,"LHL, EE",,,,,,,,,,,,,Castlecliff Beach Shag Rock Point,,,,
WABO II,217,Lower Castlecliff Shellbed,NA,S39 54.229,174E 56.148,03/06/2017,10:00,"CS, EE, JB",,,,,,,,,,,,,Castleclif Beach Marijuana Hill Wasp Nest,,,,
WABO II,218,Lower Castlecliff Shellbed,NA,S39 54.222,174E 56.147,03/06/2017,,"CS, EE, JB",,,,,,,,,,,,,Castleclif Beach Marijuana Hill Wasp Nest,,,,
WABO II,219,Lower Castlecliff Shellbed,NA,S39 54.229,174E 56.158,03/06/2017,,"CS, EE, JB",,,,,,,,,,,,,Castleclif Beach Marijuana Hill Wasp Nest,,,,
WABO II,220,Lower Castlecliff Shellbed,NA,S39 54.228,174E 56.147,03/06/2017,,"CS, EE, JB",,,,,,,,,,,,,Castleclif Beach Marijuana Hill Wasp Nest,,,,
WABO II,221,Lower Castlecliff Shellbed,NA,S39 54.221,174E 56.128,03/06/2017,11:30,"CS, EE, JB",,,,,,,,,,,,,Castleclif Beach Marijuana Hill Wasp Nest (across slip),,,,
WABO II,9.122,Lower Castlecliff Shellbed,NA,???,???,03/06/2017,,"EDM, PDT, CS",,,,,,,,,,,,,Castlecliff Beach Shag Rock Point,,,,
WABO II,9.123,Lower Castlecliff Shellbed,NA,???,???,03/06/2017,,"EDM, PDT, CS",,,,,,,,,,,,,Castlecliff Beach Shag Rock Point,,,,
WABO II,9.124,Lower Castlecliff Shellbed,NA,S39 54.229,174E 56.148,03/06/2017,,"CS, EE, JB",,,,,,,,,,,,,Castleclif Beach Marijuana Hill Wasp Nest,,,Mali: no Antarctothoa ,
WABO II,9.125,Lower Castlecliff Shellbed,NA,S39 54.278,174E 56.243,03/06/2017,,"EE, LHL, SR, KLV",,,,,,,,,,,,,Castlecliff Beach Shag Rock Point,,,"Mali: 12, 17, 26, 41 (checked but not good enough)",
WABO II,9.126,Lower Castlecliff Shellbed,NA,S39 54.221,174E 56.128,03/06/2017,,"EE, CS",,,,,,,,,,,,,Castleclif Beach Marijuana Hill Wasp Nest (across slip),,,"Mali: 4, 11, 18 (checked)",
WABO II,222,Upper Kai-iwi Shellbed,NA,S39 53.809,174E 55.421,03/06/2017,,SR,,,,,,,,,,,,,Castlecliff Beach Fallen block,,,,
WABO II,223,Upper Kai-iwi Shellbed,NA,S39 53.809,174E 55.421,03/06/2017,,?,,,,,,,,,,,,,Castlecliff Beach Fallen block,,,,
WABO II,9.95,Upper Kai-iwi Shellbed,NA,S39 53.809,174E 55.421,03/06/2017,,All,,,,,,,,,,,,,Castlecliff Beach Fallen block (sorted from Eco 223),,,"Most common species Rhynchozoon, a few interactions, no Antarctothoa (7 shells)",
WABO II,224,Upper Kai-iwi Shellbed,NA,S39 53.832,174E 55.462,03/06/2017,,"SR, LHL",,,,,,,,,,,,,Castlecliff Beach Fallen block,,,,
WABO II,225,Upper Kai-iwi Shellbed,NA,S39 53.866,174E 55.516,03/06/2017,,"SR, LHL",,,,,,,,,,,,,Castlecliff Beach Fallen block,,,,
WABO II,226,Upper Kai-iwi Shellbed,NA,S39 53.866,174E 55.516,03/06/2017,11:50,"SR, LHL",,,,,,,,,,,,,Castlecliff Beach IN PLACE,,,,
WABO II,227,Upper Kai-iwi Shellbed,NA,S39 53.882,174E 55.540,03/06/2017,AM,"SR, LHL",,,,,,,,,,,,,Castlecliff Beach Fallen block,,,,
WABO II,228,Upper Kai-iwi Shellbed,NA,S39 53.886,174E 55.551,03/06/2017,AM,"SR, LHL",,,,,,,,,,,,,Castlecliff Beach Fallen block,,,,
WABO II,229,Upper Kai-iwi Shellbed,NA,S39 53.809,174E 55.421,03/06/2017,AM,KLV,,,,,,,,,,,,,Castlecliff Beach Fallen block,,,,
WABO II,9.127,Upper Kai-iwi Shellbed,NA,S39 53.809,174E 55.421,03/06/2017,AM,"KLV, LHL, EDM",,,,,,,,,,,,,Castlecliff Beach Fallen block,,,"Some good interactions, many Micropora and Crepidacantha, some Microporella (130 shells and 3 boxes)",
WABO II,9.128,Upper Kai-iwi Shellbed,NA,S39 53.886,174E 55.551,03/06/2017,AM,"EDM, KLV",,,,,,,,,,,,,Castlecliff Beach Fallen block,,,"Mostly Crepidacantha, some Microporella, few interactions (47 shells)",
WABO II,9.129,Upper Kai-iwi Shellbed,NA,S39 53.886,174E 55.551,03/06/2017,AM,"EDM, KLV",,,,,,,,,,,,,Castlecliff Beach Fallen block,,,Only 2 shells with poorly preserved interactions,
WABO II,9.130,Upper Kai-iwi Shellbed,NA,S39 53.886,174E 55.551,03/06/2017,AM,"EDM, KLV",,,,,,,,,,,,,Castlecliff Beach Fallen block,,,"Few interactions, few Microporella, more Micropora and cyclostomes (1 box, 24 shells)",
WABO II,9.131,Upper Kai-iwi Shellbed,NA,S39 53.886,174E 55.551,03/06/2017,AM,SR,,,,,,,,,,,,,Castlecliff Beach Fallen block,,,,
WABO II,9.132,Upper Kai-iwi Shellbed,NA,S39 53.809,174E 55.421,03/06/2017,AM,"KLV, EDM, SR, LHL",,,,,,,,,,,,,Castlecliff Beach Fallen block,,,Nice interactions,
WABO II,9.133,Upper Kai-iwi Shellbed,NA,S39 53.809,174E 55.421,03/06/2017,AM,PDT,,,,,,,,,,,,,Castlecliff Beach Fallen block,,,"Very poor preservation, very few interactions, very low diversity, mainly Crepidacantha and Micropora (1 box with 48 shells)",
WABO II,9.134,Nukumaru Brown Sand (uppermost),NA,S39 51.478,174E 47.708,03/06/2017,03:00,"EDM, PDT",,,,,,,,,,,,,Nukumaru Beach (left of entry),,,Box 2 – 6 big shells with some interactions,
WABO II,9.135,Nukumaru Brown Sand (uppermost),NA,S39 51.478,174E 47.708,03/06/2017,03:00,"EDM, PDT",,,,,,,,,,,,,Nukumaru Beach (left of entry),,,,
WABO II,9.136,Nukumaru Brown Sand (uppermost),NA,S39 51.478,174E 47.708,03/06/2017,PM,EDM,,,,,,,,,,,,,Nukumaru Beach (left of entry),,,10 shells,
WABO II,9.137,Nukumaru Brown Sand (uppermost),NA,S39 51.478,174E 47.708,03/06/2017,PM,"EDM, KLV, PDT, SR",,,,,,,,,,,,,Nukumaru Beach (left of entry),,,,
WABO II,9.138,Nukumaru Brown Sand (uppermost),NA,S39 51.478,174E 47.708,03/06/2017,PM,"EDM, KLV, PDT, SR",,,,,,,,,,,,,Nukumaru Beach (left of entry),,,,
WABO II,9.139,Nukumaru Brown Sand (uppermost),NA,S39 51.478,174E 47.708,03/06/2017,PM,"EDM, KLV, PDT, SR",,,,,,,,,,,,,Nukumaru Beach (left of entry),,,,
WABO II,9.140,Nukumaru Brown Sand (uppermost),NA,S39 51.478,174E 47.708,03/06/2017,PM,"EDM, KLV, PDT, SR",,,,,,,,,,,,,Nukumaru Beach (left of entry),,,,
WABO II,9.141,Nukumaru Brown Sand,NA,see day before,see day before,03/06/2017,,PDT,,,,,,,,,,,,,Nukumaru Beach (left of entry) SR site 40,,,,
WABO II,230,Tewkesbury Formation (lower SB),NA,S39 51.496,174E 47.872,03/06/2017,PM,?,,,,,,,,,,,,,Nukumaru Beach (left of entry) SR site 40,,,,
WABO II,231,Tewkesbury Formation (lower SB),NA,S39 51.491,174E 47.867,03/06/2017,PM,LHL,,,,,,,,,,,,,Nukumaru Beach (left of entry) SR site 40,,,,
WABO II,232,Tewkesbury Formation (lower SB),NA,S39 51.490,174E 47.863,03/06/2017,PM,LHL,,,,,,,,,,,,,Nukumaru Beach (left of entry) SR site 40,,,,
WABO II,233,Tewkesbury Formation (lower SB),NA,S39 51.485,174E 47.780,03/06/2017,PM,LHL,,,,,,,,,,,,,Nukumaru Beach (left of entry) SR site 40,,,,
WABO II,234,Tewkesbury Formation (lower SB),NA,S39 51.490,174E 47.859,03/06/2017,PM,EE,,,,,,,,,,,,,Nukumaru Beach (left of entry) SR site 40,,,,
WABO II,235,Tewkesbury Formation (lower SB),NA,S39 51.490,174E 47.854,03/06/2017,PM,LHL,,,,,,,,,,,,,Nukumaru Beach (left of entry) SR site 40,,,,
WABO II,236,Tewkesbury Formation (lower SB),NA,S39 51.488,174E 47.848,03/06/2017,PM,LHL,,,,,,,,,,,,,Nukumaru Beach (left of entry) SR site 40,,,,
WABO II,237,Tewkesbury Formation (lower SB),NA,S39 51.488,174E 47.828,03/06/2017,PM,SR,,,,,,,,,,,,,Nukumaru Beach (left of entry) SR site 40,,,,
WABO II,9.142,Tewkesbury Formation (lower SB),NA,S39 51.490,174E 47.859,03/06/2017,PM,"EE, LHL, JB, SR",,,,,,,,,,,,,Nukumaru Beach (left of entry) SR site 40,,,Mali diversity and interactions,
WABO II,9.143,Tewkesbury Formation (lower SB),NA,S39 51.490,174E 47.867,03/06/2017,PM,"EE, LHL, JB, SR",,,,,,,,,,,,,Nukumaru Beach (left of entry) SR site 40,,,Mali diversity and interactions,
WABO II,9.144,Tewkesbury Formation (lower SB),NA,S39 51.496,174E 47.872,03/06/2017,PM,"EE, LHL, JB, SR",,,,,,,,,,,,,Nukumaru Beach (left of entry) SR site 40,,,Mali diversity and interactions,
WABO II,9.145,Tewkesbury Formation (lower SB),NA,S39 51.496,174E 47.872,03/06/2017,PM,"EE, LHL, JB, SR",,,,,,,,,,,,,Nukumaru Beach (left of entry) SR site 40,,,,
WABO II,9.146,Tewkesbury Formation (lower SB),NA,S39 51.488,174E 47.848,03/06/2017,PM,"EE, LHL, JB, SR",,,,,,,,,,,,,Nukumaru Beach (left of entry) SR site 40,,,,
WABO II,9.147,Tewkesbury Formation (lower SB),NA,S39 51.485,174E 47.780,03/06/2017,PM,"EE, LHL, JB, SR",,,,,,,,,,,,,Nukumaru Beach (left of entry) SR site 40,,,,
WABO II,9.148,Upper Kai-iwi Shellbed,NA,S39 53.866,174E 55.516,03/06/2017,AM,PDT,,,,,,,,,,,,,Castlecliff Beach Fallen block,,,"Some good interactions, a few Antarctothoa (only two enough preserved to distinguish the different zooids) (3 boxes and 131 shells)",
WABO II,9.148,Upper Kai-iwi Shellbed,NA,S39 53.866,174E 55.516,03/06/2017,,"SR, LHL",,,,,,,,,,,,,Castlecliff Beach Fallen block,,,,
WABO II,9.149,Upper Kai-iwi Shellbed,NA,S39 53.866,174E 55.516,03/06/2017,sorted from 225,"SR, LHL",,,,,,,,,,,,,Castlecliff Beach Fallen block,,,"No Antarctothoa, most abundant species are Figularia, Micropora and Crepidacantha (11 shells)",
WABO II,9.150,Upper Kai-iwi Shellbed,NA,S39 53.882,174E 55.540,03/06/2017,sorted from 227,,,,,,,,,,,,,,Castlecliff Beach Fallen block,,,"No Antarctothoa, many Figularia and Crepidacantha, a few interactions (1 box and 17 shells)",
WABO II,9.151,Upper Kai-iwi Shellbed,NA,S39 53.809,174E 55.421,03/06/2017,sorted from 229,,,,,,,,,,,,,,Castlecliff Beach Fallen block,,,"Only one colony of Antarctothoa poorly preserved, many Figularia, a few interactions (1 box and 38 shells)",
WABO II,239,Lower Kai-iwi Shellbed,NA,S39 53.072,174E 53.755,03/07/2017,AM,KLV,,,,,,,,,,,,,Fallen blocks at Kai-iwi Beach entrance,,,,
WABO II,240,Lower Kai-iwi Shellbed,NA,S39 53.052,174E 53.752,03/07/2017,AM,KLV,,,,,,,,,,,,,Fallen blocks at Kai-iwi Beach entrance,,,,
WABO II,241,Lower Kai-iwi Shellbed,NA,S39 53.063,174E 53.791,03/07/2017,AM,KLV,,,,,,,,,,,,,Fallen blocks at Kai-iwi Beach entrance,,,,
WABO II,9.152,Lower Kai-iwi Shellbed,NA,S39 53.072,174E 53.755,03/07/2017,AM,All,,,,,,,,,,,,,Fallen blocks at Kai-iwi Beach entrance,,,"Very few interactions (<10), very low diversity and poor preservation. Mainly colonies of Crepidacantha and Smittina. A few Microporella and Antarctothoa (see A sign on the boxes, 3 boxes and 107 'shells' in total).",
WABO II,9.153,Lower Kai-iwi Shellbed,NA,S39 53.052,174E 53.752,03/07/2017,AM,All,,,,,,,,,,,,,Fallen blocks at Kai-iwi Beach entrance,,,,
WABO II,242,Tainui Shellbed,NA,S39 54.471,174E 56.613,03/07/2017,AM,"CRS, EE",,,,,,,,,,,,,Castlecliff Beach Tanui Heaven,,,,
WABO II,243,Tainui Shellbed,NA,S39 54.471,174E 56.613,03/07/2017,AM,"CRS, EE",,,,,,,,,,,,,Castlecliff Beach Tanui Heaven,,,,
WABO II,9.154,Tainui Shellbed,NA,S39 54.471,174E 56.613,03/07/2017,AM,"CRS, EE, JB, PDT",,,,,,,,,,,,,Castlecliff Beach Tanui Heaven,,,,
WABO II,9.155,Tainui Shellbed,NA,S39 54.471,174E 56.613,03/07/2017,AM,"CRS, EE, JB, PDT",,,,,,,,,,,,,Castlecliff Beach Tanui Heaven,,,,
WABO II,9.156,Tainui Shellbed,NA,S39 54.471,174E 56.613,03/07/2017,AM,"CRS, EE, JB, PDT",,,,,,,,,,,,,Castlecliff Beach Tanui Heaven,,,,
WABO II,244,Tainui Shellbed,NA,S39 54.739,174E 57.042,03/07/2017,AM,SR,,,,,,,,,,,,,Castlecliff Beach New house slip (in place),,,,
WABO II,245,Tainui Shellbed,NA,S39 54.786,174E 57.035,03/07/2017,AM,SR,,,,,,,,,,,,,Castlecliff Beach New house slip (in place),,,,
WABO II,246,Tainui Shellbed,NA,S39 54.787,174E 57.035,03/07/2017,AM,SR,,,,,,,,,,,,,Castlecliff Beach New house slip (in place),,,,
WABO II,247,Tainui Shellbed,NA,S39 54.783,174E 57.009,03/07/2017,AM,LHL,,,,,,,,,,,,,Castlecliff Beach New house slip (fallen block),,,,
WABO II,9.157,Tainui Shellbed,NA,S39 54.787,174E 57.035,03/07/2017,AM,SR,,,,,,,,,,,,,Castlecliff Beach New house slip (in place),,,Mali diversity and interactions,
WABO II,9.158,Tainui Shellbed,NA,S39 54.783,174E 57.009,03/07/2017,AM,EDM,,,,,,,,,,,,,Castlecliff Beach New house slip (fallen block),,,,
WABO II,9.159,Shakespeare Cliff Sand Basal Shellbed,NA,S39 54.783,174E 57.009,03/07/2017,AM,"EDM, SR, KLV, LHL",,,,,,,,,,,,,Castlecliff Beach New house slip (fallen block),,,"Mali: 1, 4-10, 12, 13, 15-17, 19, 21, 23, 27, 29, 32, 33, 35, 38-40, 43-47, 49, 50, 53, 54, 56, 59, 63-65, 68, 69, 71, 72, 74-77, 81, 82 (to check yet)",
WABO II,9.160,Shakespeare Cliff Sand Basal Shellbed,NA,S39 54.783,174E 57.009,03/07/2017,AM,"EDM, SR, KLV, LHL",,,,,,,,,,,,,Castlecliff Beach New house slip (fallen block),,,,
WABO II,9.161,Shakespeare Cliff Sand Basal Shellbed,NA,S39 54.783,174E 57.009,03/07/2017,AM,"EDM, SR, KLV, LHL",,,,,,,,,,,,,Castlecliff Beach New house slip (fallen block),,,,
WABO II,248,Shakespeare Cliff Sand Basal Shellbed,NA,S39 55.071,174E 57.396,03/07/2017,PM,"EDM, CS",,,,,,,,,,,,,Castlecliff Beach Waterfall (in place),,,,
WABO II,249,Shakespeare Cliff Sand Basal Shellbed,NA,S39 55.071,174E 57.396,03/07/2017,PM,"EDM, CS",,,,,,,,,,,,,Castlecliff Beach Waterfall (fallen block),,,,
WABO II,9.162,Shakespeare Cliff Sand Basal Shellbed,NA,S39 55.071,174E 57.396,03/07/2017,PM,"EDM, CS, PDT, KLV",,,,,,,,,,,,,Castlecliff Beach Waterfall ,,,,
WABO II,9.163,Shakespeare Cliff Sand Basal Shellbed,NA,S39 55.071,174E 57.383,03/07/2017,PM,"EDM, CS, PDT, KLV",,,,,,,,,,,,,Castlecliff Beach Waterfall ,,,,
WABO II,250,Upper Castlecliff Shellbed,NA,S39 55.066,174E 57.397,03/07/2017,PM,EE,,,,,,,,,,,,,Castlecliff Beach Waterfall 2 (fallen block),,,,
WABO II,251,Upper Castlecliff Shellbed,NA,S39 55.061,174E 57.383,03/07/2017,PM,SR,,,,,,,,,,,,,Castlecliff Beach in place,,,,
WABO II,252,Upper Castlecliff Shellbed,NA,S39 55.058,174E 57.384,03/07/2017,PM,SR,,,,,,,,,,,,,Castlecliff Beach in place,,,,
WABO II,9.164,Upper Castlecliff Shellbed,NA,S39 55.066,174E 57.397,03/07/2017,PM,"LHL, EE, SR",,,,,,,,,,,,,Castlecliff Beach Waterfall 2 (fallen block),,,"Low diversity, mainly Eurystomella and some Microporella. No interactions. (19 shells)",
WABO II,9.165,Upper Castlecliff Shellbed,NA,S39 55.058,174E 57.384,03/07/2017,PM,SR,,,,,,,,,,,,,Castlecliff Beach in place,,,"Low diversity, some Microporella, 1 interaction (12 shells).",
WABO II,253,Nukumaru Limestone,NA,S39 49.705,174E 52.913,03/08/2017,AM,JB,,,,,,,,,,,,,North of Berry farm Roadcut by farm entry,,,,
WABO II,254,Nukumaru Limestone,NA,S39 49.704,174E 52.914,03/08/2017,AM,LHL,,,,,,,,,,,,,North of Berry farm Roadcut by farm entry,,,,
WABO II,9.166,Nukumaru Limestone,NA,S39 49.712,174E 52.915,03/08/2017,AM,All,,,,,,,,,,,,,North of Berry farm Roadcut by farm entry,,,,
WABO II,9.167,Nukumaru Limestone,NA,S39 49.704,174E 52.916,03/08/2017,AM,All,,,,,,,,,,,,,North of Berry farm Roadcut by farm entry,,,,
WABO II,255,Tewkesbury Formation (lower SB),NA,S39 51.486,174E 47.865,03/08/2017,AM,LHL,,,,,,,,,,,,,Nukumaru Beach (left of entry) SR site 40,,,,
WABO II,9.168,Tewkesbury Formation (lower SB),NA,general,general,03/08/2017,AM,All,,,,,,,,,,,,,"Nukumaru Beach (left of entry) SR site 40 for coordinates see day before (on bag, eco 255 coordinates)",,,Mali diversity and interactions,
WABO II,9.169,Tewkesbury Formation (lower SB),NA,general,general,03/08/2017,AM,All,,,,,,,,,,,,,"Nukumaru Beach (left of entry) SR site 40 for coordinates see day before (on bag, eco 255 coordinates)",,,Mali diversity and interactions,
WABO II,9.170,Tewkesbury Formation (lower SB),NA,general,general,03/08/2017,AM,All,,,,,,,,,,,,,"Nukumaru Beach (left of entry) SR site 40 for coordinates see day before (on bag, eco 255 coordinates)",,,Mali diversity and interactions,
WABO II,9.171,Tewkesbury Formation (lower SB),NA,general,general,03/08/2017,AM,All,,,,,,,,,,,,,"Nukumaru Beach (left of entry) SR site 40 for coordinates see day before (on bag, eco 255 coordinates)",,,Mali diversity and interactions,
WABO II,9.172,Tewkesbury Formation (lower SB),NA,general,general,03/08/2017,AM,All,,,,,,,,,,,,,"Nukumaru Beach (left of entry) SR site 40 for coordinates see day before (on bag, eco 255 coordinates)",,,Mali diversity and interactions,
WABO II,9.173,Tewkesbury Formation (lower SB),NA,general,general,03/08/2017,AM,All,,,,,,,,,,,,,"Nukumaru Beach (left of entry) SR site 40 for coordinates see day before (on bag, eco 255 coordinates)",,,Mali diversity and interactions,
WABO II,9.174,Tewkesbury Formation (lower SB),NA,general,general,03/08/2017,AM,All,,,,,,,,,,,,,"Nukumaru Beach (left of entry) SR site 40 for coordinates see day before (on bag, eco 255 coordinates)",,,Mali diversity and interactions,
WABO II,9.175,Tewkesbury Formation (lower SB),NA,general,general,03/08/2017,AM,All,,,,,,,,,,,,,"Nukumaru Beach (left of entry) SR site 40 for coordinates see day before (on bag, eco 255 coordinates)",,,,
WABO II,9.176,Tewkesbury Formation (lower SB),NA,general,general,03/08/2017,AM,All,,,,,,,,,,,,,"Nukumaru Beach (left of entry) SR site 40 for coordinates see day before (on bag, eco 255 coordinates)",,,,
WABO II,9.177,Tewkesbury Formation (lower SB),NA,general,general,03/08/2017,AM,All,,,,,,,,,,,,,"Nukumaru Beach (left of entry) SR site 40 for coordinates see day before (on bag, eco 255 coordinates)",,,,
WABO II,9.178,Nukumaru Limestone,NA,S39 51.597,174E 46.845,03/08/2017,PM,All,,,,,,,,,,,,,"Nukumaru Beach (right side, past fault line)",,,,
WABO II,9.179,Nukumaru Limestone,NA,S39 51.597,174E 46.845,03/08/2017,PM,All,,,,,,,,,,,,,"Nukumaru Beach (right side, past fault line)",,,,
WABO II,9.180,Nukumaru Limestone,NA,S39 51.597,174E 46.845,03/08/2017,PM,All,,,,,,,,,,,,,"Nukumaru Beach (right side, past fault line)",,,,
WABO II,9.181,Nukumaru Limestone,NA,S39 51.597,174E 46.845,03/08/2017,PM,All,,,,,,,,,,,,,"Nukumaru Beach (right side, past fault line)",,,,
WABO II,9.182,Nukumaru Limestone,NA,S39 51.924,174E 45.091,03/08/2017,PM,All,,,,,,,,,,,,,Waiinu Beach (entry),,,,
WABO II,256,Nukumaru Limestone,NA,S39 51.930,174E 45.103,03/08/2017,PM,"LHL, CS",,,,,,,,,,,,,Waiinu Beach (entry),,,,
WABO II,257,Nukumaru Limestone,NA,S39 51.930,174E 45.102,03/08/2017,PM,"EE, KLV",,,,,,,,,,,,,Waiinu Beach (entry),,,,
WABO II,258,Nukumaru Limestone,NA,S39 51.924,174E 45.091,03/08/2017,PM,KLV,,,,,,,,,,,,,Waiinu Beach (entry),,,,
WABO II,9.183,Nukumaru Limestone,NA,S39 51.965,174E 45.711,03/09/2017,AM,All,,,,,,,,,,,,,Waiinu Beach (Stop 1),,,,
WABO II,9.184,Nukumaru Limestone,NA,S39 51.965,174E 45.711,03/09/2017,AM,All,,,,,,,,,,,,,Waiinu Beach (Stop 1),,,,
WABO II,9.185,Nukumaru Limestone,NA,S39 51.965,174E 45.711,03/09/2017,AM,All,,,,,,,,,,,,,Waiinu Beach (Stop 1),,,,
WABO II,9.186,Nukumaru Limestone,NA,S39 51.965,174E 45.711,03/09/2017,AM,All,,,,,,,,,,,,,Waiinu Beach (Stop 1),,,,
WABO II,9.187,Nukumaru Limestone,NA,S39 51.944,174E 45.822,03/09/2017,AM,PDT,,,,,,,,,,,,,Waiinu Beach (further shouth from Stop1  and 2 ),,,,
WABO II,9.188,Nukumaru Limestone,NA,S39 51.956,174E 45.615,03/09/2017,AM,All,,,,,,,,,,,,,Waiinu Beach (Stop 2),,,,
WABO II,9.189,Nukumaru Limestone,NA,S39 51.956,174E 45.615,03/09/2017,AM,All,,,,,,,,,,,,,Waiinu Beach (Stop 2),,,,
WABO II,9.190,Nukumaru Limestone,NA,S39 51.956,174E 45.615,03/09/2017,AM,All,,,,,,,,,,,,,Waiinu Beach (Stop 2),,,,
WABO II,259,Upper Kai-iwi Shellbed,NA,S39 53.634,174E 55.085,03/09/2017,PM,"KLV, SR",,,,,,,,,,,,,Castlecliff beach (fallen blocks),,,,
WABO II,260,Upper Kai-iwi Shellbed,NA,S39 53.643,174E 55.102,03/09/2017,PM,"KLV, SR",,,,,,,,,,,,,Castlecliff beach (fallen blocks),,,Few poorly preserved colonies (see ECO data),
WABO II,9.191,Upper Kai-iwi Shellbed,NA,S39 53.811,174E 55.426,03/09/2017,PM,All,,,,,,,,,,,,,Castlecliff beach (fallen blocks),,,Some nice interactions and nice colonies for some of the species (5 boxes with 144 shells),
WABO II,9.192,Upper Kai-iwi Shellbed,NA,S39 53.634,174E 55.102,03/09/2017,PM,All,,,,,,,,,,,,,Castlecliff beach (fallen blocks),,,1 box with 33 shells,
WABO II,9.193,Upper Kai-iwi Shellbed,NA,S39 53.634,174E 55.102,03/09/2017,PM,All,,,,,,,,,,,,,Castlecliff beach (fallen blocks),,,,
WABO II,9.194,Tainui Shellbed,NA,S39 54.471,174E 56.613,03/09/2017,PM,All,,,,,,,,,,,,,Castlecliff Beach Tanui Heaven,,,Mali diversity and interactions,
WABO II,9.195,Tainui Shellbed,NA,S39 54.471,174E 56.613,03/09/2017,PM,All,,,,,,,,,,,,,Castlecliff Beach Tanui Heaven,,,,
WABO II,9.196,Tainui Shellbed,NA,S39 54.471,174E 56.613,03/09/2017,PM,All,,,,,,,,,,,,,Castlecliff Beach Tanui Heaven,,,,
WABO II,9.95,Okehu Shell Grit,NA,S39 52.643,174E 52.675,03/04/2017,AM,All,,,,,,,,,,,,,Kai-Iwi Beach (Solfrid et al),,,Mali diversity and interactions,This sample number is doubled. Entered in the spreadsheet by EDM 08.05.2019 (see Upper Kai-Iwi sample)
WABO III,300,Whiterock Limestone,110,,,28.02.2020,2.00pm,All AustraLarwood delegates,,,,,,,,,,,X,,"Claremont Estate, Member of Mount Brown Fm, Otaian, early Miocene",,,,
WABO III,301,Tainui Shellbed,,S39 54.471,E174 56.613,02.03.2020,9.00am,"SR,DY",,,,,,,,,,,X,,,,,,
WABO III,302,Tainui Shellbed,,S39 54.471,E174 56.613,02.03.2020,9.00am,"SR,DY",,,,,,,,,,,X,,,,,,
WABO III,303,Tainui Shellbed,,S39 54.471,E174 56.613,02.03.2020,9.00am,"SR,DY",,,,,,,,,,,X,,,,,,
WABO III,304,Shakespeare Cliff Sand Basal Shellbed,,S39 54.471,E174 56.613,02.03.2020,9.00am,DY,,,,,,,,,,,X,,,,,,
WABO III,305,Tainui Shellbed,,S39 54.471,E174 56.613,02.03.2020,9.00am,"KLV,PDT,SR,MHR,DY,EDM,DPG",,,,,,,,,,,X,,,,,,
WABO III,306,Tainui Shellbed,,S39 54.471,E174 56.613,02.03.2020,9.00am,"KLV,PDT,SR,MHR,DY,EDM,DPG",,,,,,,,,,,X,,,,,,
WABO III,307,Tainui Shellbed,,S39 54.471,E174 56.613,02.03.2020,9.00am,"KLV,PDT,SR,MHR,DY,EDM,DPG",,,,,,,,,,,X,,,,,,
WABO III,308,"Tewkesbury equivalent ""Waipuru""",,S39 50.176,E174 57.754,02.03.2020,2.00pm,"KLV,PDT,SR,MHR,DY,EDM,DPG",,,,,,,,,,,X,,,,,,
WABO III,309,Lower Maxwell Fm,,S39 50.176,E174 57.754,02.03.2020,2.00pm,KLV,,,,,,,,,,X,,,"Vinegar Hill Tephra (1.75 Ma) Brunswik Rd, GPS coord not exactly from this spot which is 50–100 m further up on the road ",,,,
WABO III,310,Lower Maxwell Fm,,S39 50.176,E174 57.754,02.03.2020,2.00pm,"KLV,PDT,SR,MHR,DY,EDM,DPG",,,,,,,,,,X,,,"Vinegar Hill Tephra (1.75 Ma) Brunswik Rd, GPS coord not exactly from this spot which is 50–100 m further up on the road ",,,,
WABO III,311,Lower Maxwell Fm,,S39 50.176,E174 57.754,02.03.2020,2.00pm,"KLV,PDT,SR,MHR,DY,EDM,DPG",,,,,,,,,,X,,,"Vinegar Hill Tephra (1.75 Ma) Brunswik Rd, GPS coord not exactly from this spot which is 50–100 m further up on the road ",,,,
WABO III,312,Lower Maxwell Fm,,S39 50.176,E174 57.754,02.03.2020,2.00pm,"KLV,PDT,SR,MHR,DY,EDM,DPG",,,,,,,,,,X,,,"Vinegar Hill Tephra (1.75 Ma) Brunswik Rd, GPS coord not exactly from this spot which is 50–100 m further up on the road ",,,,
WABO III,313,"Tewkesbury equivalent ""Waipuru""",,S39 50.176,E174 57.754,02.03.2020,2.00pm,"KLV,PDT,SR,MHR,DY,EDM,DPG",,,,,,,,,,,X,,,,,,
WABO III,314,Tainui Shellbed,,S39 54.471,E174 56.613,02.03.2020,9.00am,DPG,,,,,,,,,,,X,,DPG provided a list of bryozoan species for his sample,,,,
WABO III,315,Upper Kai-iwi Shellbed,120,S39 54.027,E174 55.801,03.03.2020,9.00am,DY,,,,,,,,,,,X,,,,,,
WABO III,316,Upper Kai-iwi Shellbed,121,S39 54.027,E174 55.801,03.03.2020,9.00am,DY,,,,,,,,,,,X,,,,,,
WABO III,317,Upper Kai-iwi Shellbed,119,S39 54.042,E174 55.826,03.03.2020,9.00am,"KLV,PDT,SR,MHR,DY,EDM,DPG",,,,,,,,,,,X,,,,,,
WABO III,318,Upper Kai-iwi Shellbed,119,S39 54.042,E174 55.826,03.03.2020,9.00am,"KLV,PDT,SR,MHR,DY,EDM,DPG",,,,,,,,,,,X,,,,,,
WABO III,319,Upper Kai-iwi Shellbed,119,S39 54.042,E174 55.826,03.03.2020,9.00am,"KLV,PDT,SR,MHR,DY,EDM,DPG",,,,,,,,,,,X,,,,,,
WABO III,320,Upper Kai-iwi Shellbed,121,S39 54.027,E174 55.801,03.03.2020,9.00am,"KLV,PDT,SR,MHR,DY,EDM,DPG",,,,,,,,,,,X,,,,,,
WABO III,321,Lower Castlecliff Shellbed,122,S39 54.258,E174 56.180,03.03.2020,11.00am,DY,,,,,,,,,,,X,,lower fallen block,,,,
WABO III,322,Lower Castlecliff Shellbed,122,S39 54.258,E174 56.180,03.03.2020,11.00am,KLV,,,,,,,,,,,X,,"about 50 m up in the section, however both spots were fallen blocks",,,,
WABO III,323,Lower Castlecliff Shellbed,122,S39 54.258,E174 56.180,03.03.2020,11.00am,"KLV,PDT,SR,MHR,DY,EDM,DPG",,,,,,,,,,,X,,,,,,
WABO III,324,Lower Castlecliff Shellbed,122,S39 54.258,E174 56.180,03.03.2020,11.00am,"KLV,PDT,SR,MHR,DY,EDM,DPG",,,,,,,,,,,X,,,,,,
WABO III,325,Putiki Fm,,S39.9507,E175.0616,03.03.2020,2.00pm,"PDT, DPG",,,,,,,,,,,X,,"Only two taxa, poorly preserved",,,,
WABO III,326,Nukumaru Limestone,99,S39 51.686,E174 46.745,04.03.2020,9.30am,"KLV,PDT,SR,MHR,DY,EDM,DPG",,,,,,,,,,,X,,Fisherman's rock,,,,
WABO III,327,Nukumaru Limestone,99,S39 51.686,E174 46.745,04.03.2020,9.30am,"KLV,PDT,SR,MHR,DY,EDM,DPG",,,,,,,,,,,X,,Fisherman's rock,,,,
WABO III,328,Nukumaru Limestone,,S39 51.924,174E 45.091,04.03.2020,11.00am,"KLV,PDT,SR,MHR,DY,EDM,DPG",,,,,,,,,,,X,,"Waiinu Beach (entrance, ex bryozoan reef PDT and DPG 1988)",,,,
WABO III,329,Nukumaru Limestone,100,S39 51.951,E174 45.609,04.03.2020,11.00am,"KLV,PDT,SR,MHR,DY,EDM,DPG",,,,,,,,,,,X,,Waiinu Beach Check for 2 specimens of Steginoporella in one of the bags from this locality,,,,
WABO III,330,Nukumaru Limestone,100,S39 51.951,E174 45.609,04.03.2020,11.00am,"KLV,PDT,SR,MHR,DY,EDM,DPG",,,,,,,,,,,X,,Waiinu Beach Check for 2 specimens of Steginoporella in one of the bags from this locality,,,,
WABO III,331,Nukumaru Limestone,100,S39 51.951,E174 45.609,04.03.2020,11.00am,"KLV,PDT,SR,MHR,DY,EDM,DPG",,,,,,,,,,,X,,Waiinu Beach Check for 2 specimens of Steginoporella in one of the bags from this locality,,,,
WABO III,332,Nukumaru Limestone,100,S39 51.951,E174 45.609,04.03.2020,11.00am,"KLV,PDT,SR,MHR,DY,EDM,DPG",,,,,,,,,,,X,,Waiinu Beach Check for 2 specimens of Steginoporella in one of the bags from this locality,,,,
WABO III,333,Nukumaru Brown Sand?,101,S39 49.887,E174 53.167,04.03.2020,4.00pm,"KLV,PDT,SR,MHR,DY,EDM,DPG",,,,,,,,,,,X,,"R22/6419 of Fleming, Zethalia outcrop beside highway, 200m from Pukerimu Rd.",,,,
WABO III,334,Nukumaru Limestone,100,S39 51.951,E174 45.609,04.03.2020,11.00am,DPG,,,,,,,,,,,X,,,,,,
WABO III,335,Lower Kai-iwi Shellbed,103,S39 52.974,E174 53.546,05.03.2020,9.00am,KLV,,,,,,,,,,,X,,KaI-iwi Beach,,,,
WABO III,336,Lower Kai-iwi Shellbed,103,S39 52.974,E174 53.546,05.03.2020,9.00am,KLV,,,,,,,,,,,X,,KaI-iwi Beach,,,,
WABO III,337,Lower Kai-iwi Shellbed,103,S39 52.974,E174 53.546,05.03.2020,9.00am,"KLV,PDT,SR,MHR,DY,EDM,DPG",,,,,,,,,,,X,,KaI-iwi Beach,,,,
WABO III,338,Butler's Shell Conglomerate,104,S39 51.961,E174 49.814,05.03.2020,10.00am,"KLV,PDT,SR,MHR,DY,EDM,DPG",,,,,,,,,,X,,,,,,,
WABO III,339,Nukumaru Limestone,105,S39 51.560,E174 46.910,05.03.2020,11.00am,"KLV,PDT,SR,MHR,DY,EDM,DPG",,,,,,,,,,,X,,Nukumaru Beach,,,,
WABO III,340,Nukumaru Limestone,105,S39 51.560,E174 46.910,05.03.2020,11.00am,"KLV,PDT,SR,MHR,DY,EDM,DPG",,,,,,,,,,,X,,Nukumaru Beach,,,,
WABO III,341,Tewkesbury Formation (lower SB),106,S39 51.492,E174 47.859,05.03.2020,12.00pm,"KLV,PDT,SR,MHR,DY,EDM,DPG",,,,,,,,,,X,,,Nukumaru Beach,,,,
WABO III,342,Tewkesbury Formation (lower SB),106,S39 51.492,E174 47.859,05.03.2020,12.00pm,"KLV,PDT,SR,MHR,DY,EDM,DPG",,,,,,,,,,X,,,Nukumaru Beach,,,,
WABO III,343,Nukumaru Brown Sand (Hardground),107,S39 51.479,E174 47.720,05.03.2020,2.00pm,"KLV,PDT,SR,MHR,DY,EDM,DPG",,,,,,,,,,X,,,Nukumaru Beach,,,,
WABO III,344,Nukumaru Brown Sand (Hardground),107,S39 51.479,E174 47.720,05.03.2020,2.00pm,"KLV,PDT,SR,MHR,DY,EDM,DPG",,,,,,,,,,X,,,Nukumaru Beach,,,,
WABO III,345,Nukumaru Brown Sand (Hardground),107,S39 51.479,E174 47.720,05.03.2020,2.00pm,"KLV,PDT,SR,MHR,DY,EDM,DPG",,,,,,,,,,X,,,Nukumaru Beach,,,,
WABO III,346,Nukumaru Brown Sand,108,S39 51.456,E174 47.308,05.03.2020,3.00pm,"SR,DY",,,,,,,,,,X,,,Nukumaru Beach,,,,
WABO III,347,Nukumaru Brown Sand,High,S39 51.454,E174 47.318,05.03.2020,3.00pm,"KLV,EDM",,,,,,,,,,X,,,Nukumaru Beach,,,,
WABO III,348,Nukumaru Brown Sand,Low,S39 51.454,E174 47.318,05.03.2020,3.00pm,"KLV,EDM",,,,,,,,,,X,,,Nukumaru Beach,,,,
WABO III,349,Nukumaru Brown Sand,High,S39 51.455,E174 47.314,05.03.2020,3.00pm,"KLV,EDM",,,,,,,,,,X,,,Nukumaru Beach,,,,
WABO III,350,Nukumaru Brown Sand,Low,S39 51.455,E174 47.314,05.03.2020,3.00pm,"KLV,EDM",,,,,,,,,,X,,,Nukumaru Beach,,,,
WABO III,351,Nukumaru Brown Sand,HIgh,S39 51.417,E174 47.232,05.03.2020,4.00pm,"KLV,EDM",,,,,,,,,,X,,,Nukumaru Beach,,,,
WABO III,352,Nukumaru Brown Sand,Low,S39 51.417,E174 47.232,05.03.2020,4.00pm,"KLV,EDM",,,,,,,,,,X,,,Nukumaru Beach,,,,
WABO III,353,Nukumaru Brown Sand,High,S39 51.454,E174 47.216,05.03.2020,4.00pm,"KLV,EDM",,,,,,,,,,X,,,Nukumaru Beach,,,,
WABO III,354,Nukumaru Brown Sand,Low,S39 51.454,E174 47.216,05.03.2020,4.00pm,"KLV,EDM",,,,,,,,,,X,,,Nukumaru Beach,,,,
WABO III,355,Nukumaru Brown Sand,,S39 51.454,E174 47.216,05.03.2020,4.00pm,"KLV,PDT,SR,MHR,DY,EDM,DPG",,,,,,,,,,X,,,Nukumaru Beach,,,,
WABO III,356,Nukumaru Brown Sand,,S39 51.454,E174 47.216,05.03.2020,4.00pm,"KLV,PDT,SR,MHR,DY,EDM,DPG",,,,,,,,,,X,,,Nukumaru Beach,,,,
WABO III,357,Nukumaru Brown Sand,,S39 51.454,E174 47.216,05.03.2020,4.00pm,"KLV,PDT,SR,MHR,DY,EDM,DPG",,,,,,,,,,X,,,Nukumaru Beach,,,,
WABO III,358,Nukumaru Brown Sand,,S39 51.454,E174 47.216,05.03.2020,4.00pm,"KLV,PDT,SR,MHR,DY,EDM,DPG",,,,,,,,,,X,,,Nukumaru Beach,,,,
WABO III,359,Shakespeare Cliff Sand Basal Shellbed,125,S39 55.073,E174 57.384,06.03.2020,12.00pm,DY,,,,,,,,,,X,,,Castlecliff Beach,,,,
WABO III,360,Shakespeare Cliff Sand Basal Shellbed,125,S39 55.073,E174 57.384,06.03.2020,12.00pm,"KLV,PDT,SR,MHR,DY,EDM,DPG",,,,,,,,,,X,,,Castlecliff Beach,,,,
WABO III,361,Shakespeare Cliff Sand Basal Shellbed,125,S39 55.073,E174 57.384,06.03.2020,12.00pm,"KLV,PDT,SR,MHR,DY,EDM,DPG",,,,,,,,,,X,,,Castlecliff Beach,,,,
WABO III,362,Shakespeare Cliff Sand Basal Shellbed,125,S39 55.073,E174 57.384,06.03.2020,12.00pm,"KLV,PDT,SR,MHR,DY,EDM,DPG",,,,,,,,,,X,,,Castlecliff Beach,,,,
WABO III,363,Shakespeare Cliff Sand Basal Shellbed,125,S39 55.073,E174 57.384,06.03.2020,12.00pm,"KLV,PDT,SR,MHR,DY,EDM,DPG",,,,,,,,,,X,,,Castlecliff Beach,,,,
WABO III,364,Shakespeare Cliff Sand Basal Shellbed,125,S39 55.073,E174 57.384,06.03.2020,12.00pm,"KLV,PDT,SR,MHR,DY,EDM,DPG",,,,,,,,,,X,,,Castlecliff Beach,,,,
WABO III,365,Shakespeare Cliff Sand Basal Shellbed,125,S39 55.073,E174 57.384,06.03.2020,12.00pm,"KLV,PDT,SR,MHR,DY,EDM,DPG",,,,,,,,,,X,,,Castlecliff Beach,,,,
WABO III,366,Upper Castlecliff Shellbed,125,S39 55.073,E174 57.384,06.03.2020,12.00pm,"DPG,PDT,SR",,,,,,,,,,X,,,Castlecliff Beach,,,,
WABO III,367,Tainui Shellbed,,S39 54.471,E174 56.613,06.03.2020,3.00pm,"PDT,EDM",,,,,,,,,,X,,,Castlecliff Beach,,,,
WABO III,368,Tainui Shellbed,,S39 54.471,E174 56.613,06.03.2020,3.00pm,DPG,,,,,,,,,,X,,,That new species!!!,,,,
WABO III,369,Shakespeare Cliff Sand Basal Shellbed,,S39 54.503,E174 56.627,06.03.2020,3.00pm,KLV,,,,,,,,,,X,,,"A new species, new genus, new family...maybe even a new order!!!",,,,
WABO III,370,Upper Westmere Shellbed,,S39 53.681,E174 55.160,06.03.2020,4.00pm,"KLV,SR",,,,,,,,,,,X,,Castlecliff Beach,,,,
WABO III,371,Upper Westmere Shellbed,,S39 53.681,E174 55.160,06.03.2020,4.00pm,"KLV,PDT,SR,MHR,DY,EDM,DPG",,,,,,,,,,,X,,Castlecliff Beach,,,,